num_job,num_machine,mean,std,seed,I_b,I_f,baseline,RANDOM_best,RANDOM_time,RUBI_best,RUBI_time,MoRUBI_best,MoRUBI_time,SPT_best,SPT_time,LPT_best,LPT_time,GT_best,GT_time
10,10,30,10,0,0.4333333333333333,0.38271604938271603,768.55,604,1.0988795757293701,502,2.2468128204345703,529,2.373143434524536,566,2.488581418991089,579,2.2881507873535156,551,2.3610589504241943
10,10,30,10,0,0.35555555555555557,0.4444444444444444,824.22,665,1.1150410175323486,496,2.252387285232544,499,2.247539520263672,625,2.4492671489715576,548,2.2865149974823,553,2.3812925815582275
10,10,30,10,0,0.35555555555555557,0.41975308641975306,816.9,646,1.1234025955200195,528,2.2935140132904053,524,2.2810428142547607,606,2.2765626907348633,587,2.323235273361206,574,2.329612970352173
10,10,30,10,0,0.3888888888888889,0.3950617283950617,825.0,649,1.13230562210083,529,2.2277121543884277,521,2.3652803897857666,601,2.352299928665161,561,2.428036689758301,553,2.4099104404449463
10,10,30,10,0,0.38888888888888895,0.5061728395061729,814.25,623,1.127213954925537,534,2.3252007961273193,540,2.2553153038024902,560,2.291604995727539,534,2.3113632202148438,577,2.3526458740234375
10,10,30,10,0,0.38888888888888895,0.5185185185185186,817.75,602,1.1177830696105957,529,2.213489532470703,527,2.3751463890075684,560,2.2806661128997803,545,2.6332590579986572,545,2.3140578269958496
10,10,30,10,0,0.38888888888888895,0.54320987654321,818.49,625,1.090437412261963,499,2.3299903869628906,505,2.2298176288604736,504,2.330212116241455,509,2.3571321964263916,545,2.490316152572632
10,10,30,10,0,0.3777777777777778,0.5308641975308642,821.87,659,1.1048038005828857,532,2.349703073501587,537,2.3694329261779785,507,2.429746389389038,534,2.3919520378112793,532,2.460649251937866
10,10,30,10,0,0.3777777777777778,0.5308641975308642,821.87,659,1.1343073844909668,532,2.3171398639678955,537,2.332019805908203,507,2.2816214561462402,534,2.281198263168335,532,2.5036983489990234
10,10,30,10,0,0.41111111111111115,0.6049382716049383,826.45,650,1.098189353942871,536,2.4042153358459473,538,2.267364025115967,553,2.2735648155212402,559,2.2775566577911377,558,2.2914071083068848
10,10,30,10,0,0.4333333333333333,0.5925925925925926,842.15,670,1.1206228733062744,540,2.283949613571167,541,2.3601677417755127,693,2.2194578647613525,648,2.2285656929016113,545,2.3364179134368896
10,10,30,10,0,0.4222222222222222,0.6049382716049383,840.25,684,1.0743682384490967,531,2.267733335494995,547,2.2655832767486572,647,2.301835536956787,630,2.2647933959960938,563,2.353834390640259
10,10,30,10,0,0.45555555555555555,0.6419753086419753,878.11,698,1.1151862144470215,596,2.3034679889678955,589,2.2902374267578125,626,2.3136229515075684,624,2.2660958766937256,624,2.37477970123291
10,10,30,10,0,0.3888888888888889,0.6666666666666666,815.08,623,1.1270408630371094,545,2.274718761444092,533,2.279540777206421,534,2.258941411972046,527,2.2210774421691895,570,2.323312759399414
10,10,30,10,0,0.3333333333333333,0.7037037037037037,822.6,650,1.1000065803527832,506,2.223092794418335,507,2.2435734272003174,550,2.181593656539917,553,2.244189739227295,536,2.3084354400634766
10,10,30,10,0,0.34444444444444444,0.7037037037037037,844.49,579,1.098482608795166,497,2.2297556400299072,520,2.2852728366851807,556,2.2841250896453857,547,2.2746639251708984,560,2.3061013221740723
10,10,30,10,0,0.3222222222222223,0.6543209876543209,829.27,665,1.1411738395690918,514,2.2268118858337402,516,2.303225517272949,599,2.204411029815674,590,2.2910163402557373,559,2.369513511657715
10,10,30,10,0,0.3555555555555555,0.654320987654321,856.82,695,1.1000359058380127,550,2.334198236465454,553,2.325147867202759,590,2.3227128982543945,597,2.3248279094696045,559,2.370680093765259
10,10,30,10,0,0.4,0.7901234567901234,800.0,614,1.099989414215088,499,2.260672092437744,486,2.3007967472076416,541,2.214447259902954,559,2.2622413635253906,544,2.355442523956299
10,10,30,10,0,0.4444444444444443,0.8024691358024691,898.37,720,1.0820612907409668,580,2.3226583003997803,585,2.271759510040283,663,2.3090317249298096,569,2.2212934494018555,603,2.440930128097534
10,10,30,10,1,0.35555555555555557,0.4320987654320987,826.43,661,1.12833833694458,506,2.252329111099243,501,2.2433035373687744,632,2.3114781379699707,560,2.307176351547241,566,2.330232858657837
10,10,30,10,1,0.35555555555555557,0.4444444444444444,824.22,665,1.0821027755737305,496,2.247492790222168,499,2.282694101333618,625,2.3062803745269775,548,2.399571418762207,553,2.525102376937866
10,10,30,10,1,0.35555555555555557,0.41975308641975306,816.9,646,1.1289539337158203,528,2.4437718391418457,524,2.3006272315979004,606,2.26749849319458,587,2.362093687057495,574,2.4003090858459473
10,10,30,10,1,0.3888888888888889,0.3950617283950617,825.0,649,1.1163678169250488,529,2.291369915008545,521,2.2824032306671143,601,2.2941243648529053,561,2.294644594192505,553,2.3963143825531006
10,10,30,10,1,0.38888888888888895,0.5061728395061729,814.25,623,1.1094253063201904,534,2.338510513305664,540,2.4469246864318848,560,2.3184664249420166,534,2.3059275150299072,577,2.386662006378174
10,10,30,10,1,0.38888888888888895,0.5185185185185186,817.75,602,1.0995581150054932,529,2.2331576347351074,527,2.3191051483154297,560,2.6070609092712402,545,2.306607484817505,545,2.365638494491577
10,10,30,10,1,0.38888888888888895,0.54320987654321,818.49,625,1.1278438568115234,499,2.326596975326538,505,2.3702633380889893,504,2.212972402572632,509,2.5090227127075195,545,2.370189666748047
10,10,30,10,1,0.3777777777777778,0.5308641975308642,821.87,659,1.110076904296875,532,2.2299160957336426,537,2.2724790573120117,507,2.246124505996704,534,2.294551134109497,532,2.5477664470672607
10,10,30,10,1,0.3777777777777778,0.5308641975308642,821.87,659,1.0864222049713135,532,2.2377586364746094,537,2.405419111251831,507,2.2448928356170654,534,2.2764198780059814,532,2.3571081161499023
10,10,30,10,1,0.41111111111111115,0.6049382716049383,826.45,650,1.1083502769470215,536,2.301100015640259,538,2.2992937564849854,553,2.280496597290039,559,2.256422996520996,558,2.3456480503082275
10,10,30,10,1,0.4333333333333333,0.5925925925925926,842.15,670,1.2913274765014648,540,2.3682563304901123,541,2.278625249862671,693,2.3417584896087646,648,2.3346078395843506,545,2.423463821411133
10,10,30,10,1,0.4222222222222222,0.6049382716049383,840.25,684,1.1437461376190186,531,2.2863287925720215,547,2.292325019836426,647,2.2641549110412598,630,2.3101484775543213,563,2.362304449081421
10,10,30,10,1,0.45555555555555555,0.6419753086419753,878.11,698,1.09195876121521,596,2.3223752975463867,589,2.29451584815979,626,2.379028558731079,624,2.273146629333496,624,2.4223074913024902
10,10,30,10,1,0.3888888888888889,0.6666666666666666,815.08,623,1.1383111476898193,545,2.4148590564727783,533,2.354257345199585,534,2.2784957885742188,527,2.263045310974121,570,2.372671604156494
10,10,30,10,1,0.3333333333333333,0.7037037037037037,822.6,650,1.1369147300720215,506,2.2756526470184326,507,2.4621260166168213,550,2.245697021484375,553,2.248267650604248,536,2.4004056453704834
10,10,30,10,1,0.34444444444444444,0.7037037037037037,844.49,579,1.0800538063049316,497,2.2986340522766113,520,2.249201536178589,556,2.4730074405670166,547,2.4630203247070312,560,2.3444809913635254
10,10,30,10,1,0.3222222222222223,0.6543209876543209,829.27,665,1.1171009540557861,514,2.309446334838867,516,2.3009910583496094,599,2.3117284774780273,590,2.652926445007324,559,2.375488042831421
10,10,30,10,1,0.3555555555555555,0.654320987654321,856.82,695,1.1036243438720703,550,2.358250379562378,553,2.294250726699829,590,2.495574712753296,597,2.2722039222717285,559,2.662148952484131
10,10,30,10,1,0.4,0.7901234567901234,800.0,614,1.126788854598999,499,2.248271942138672,486,2.287588596343994,541,2.243614435195923,559,2.381075382232666,544,2.326907157897949
10,10,30,10,1,0.4444444444444443,0.8024691358024691,898.37,720,1.25600004196167,580,2.337181568145752,585,2.2637691497802734,663,2.2711870670318604,569,2.193084716796875,603,2.366736888885498
10,10,30,10,2,0.35555555555555557,0.4320987654320987,826.43,661,1.093315839767456,506,2.3828461170196533,501,2.329932689666748,632,2.2832162380218506,560,2.2793259620666504,566,2.3107969760894775
10,10,30,10,2,0.35555555555555557,0.4444444444444444,824.22,665,1.090834379196167,496,2.2979023456573486,499,2.439286231994629,625,2.309380531311035,548,2.2746286392211914,553,2.349837303161621
10,10,30,10,2,0.35555555555555557,0.41975308641975306,816.9,646,1.0856084823608398,528,2.2429792881011963,524,2.243748426437378,606,2.4022316932678223,587,2.2646234035491943,574,2.3311781883239746
10,10,30,10,2,0.3888888888888889,0.3950617283950617,825.0,649,1.1331813335418701,529,2.230226755142212,521,2.2189111709594727,601,2.263612747192383,561,2.3167788982391357,553,2.4094812870025635
10,10,30,10,2,0.38888888888888895,0.5061728395061729,814.25,623,1.078028917312622,534,2.213852882385254,540,2.2716116905212402,560,2.215373992919922,534,2.291670560836792,577,2.352896213531494
10,10,30,10,2,0.38888888888888895,0.5185185185185186,817.75,602,1.2740545272827148,529,2.4135305881500244,527,2.2529895305633545,560,2.3032639026641846,545,2.221024751663208,545,2.359205484390259
10,10,30,10,2,0.38888888888888895,0.54320987654321,818.49,625,1.1027286052703857,499,2.497237205505371,505,2.2546639442443848,504,2.2145001888275146,509,2.3098955154418945,545,2.338705539703369
10,10,30,10,2,0.3777777777777778,0.5308641975308642,821.87,659,1.095808982849121,532,2.2524008750915527,537,2.4963626861572266,507,2.2235729694366455,534,2.272268056869507,532,2.3874776363372803
10,10,30,10,2,0.3777777777777778,0.5308641975308642,821.87,659,1.084932565689087,532,2.303788661956787,537,2.227074146270752,507,2.405646562576294,534,2.299995183944702,532,2.299860715866089
10,10,30,10,2,0.41111111111111115,0.6049382716049383,826.45,650,1.103471040725708,536,2.2215144634246826,538,2.28749418258667,553,2.2672455310821533,559,2.4304776191711426,558,2.41255784034729
10,10,30,10,2,0.4333333333333333,0.5925925925925926,842.15,670,1.1278672218322754,540,2.3471875190734863,541,2.2930033206939697,693,2.303039312362671,648,2.2352042198181152,545,2.6041059494018555
10,10,30,10,2,0.4222222222222222,0.6049382716049383,840.25,684,1.1557600498199463,531,2.2967028617858887,547,2.284320116043091,647,2.272747755050659,630,2.288099765777588,563,2.3305013179779053
10,10,30,10,2,0.45555555555555555,0.6419753086419753,878.11,698,1.2833747863769531,596,2.297553062438965,589,2.259523868560791,626,2.3050131797790527,624,2.2914986610412598,624,2.4040608406066895
10,10,30,10,2,0.3888888888888889,0.6666666666666666,815.08,623,1.0958778858184814,545,2.438142776489258,533,2.2681233882904053,534,2.2562649250030518,527,2.2380123138427734,570,2.305626392364502
10,10,30,10,2,0.3333333333333333,0.7037037037037037,822.6,650,1.0975735187530518,506,2.26615309715271,507,2.461724281311035,550,2.3504655361175537,553,2.221639633178711,536,2.2985029220581055
10,10,30,10,2,0.34444444444444444,0.7037037037037037,844.49,579,1.1116666793823242,497,2.3289694786071777,520,2.248664140701294,556,2.504047155380249,547,2.27239990234375,560,2.426849365234375
10,10,30,10,2,0.3222222222222223,0.6543209876543209,829.27,665,1.1565134525299072,514,2.375197649002075,516,2.3424079418182373,599,2.360064744949341,590,2.570544719696045,559,2.4393351078033447
10,10,30,10,2,0.3555555555555555,0.654320987654321,856.82,695,1.1607401371002197,550,2.3097760677337646,553,2.3393466472625732,590,2.418142080307007,597,2.2936742305755615,559,2.5336685180664062
10,10,30,10,2,0.4,0.7901234567901234,800.0,614,1.2253570556640625,499,2.2861814498901367,486,2.2964110374450684,541,2.225698471069336,559,2.2959258556365967,544,2.356416940689087
10,10,30,10,2,0.4444444444444443,0.8024691358024691,898.37,720,1.119128704071045,580,2.294647693634033,585,2.336411714553833,663,2.336994171142578,569,2.2080602645874023,603,2.3459770679473877
10,10,30,10,3,0.35555555555555557,0.4320987654320987,826.43,661,1.088503360748291,506,2.2132728099823,501,2.2646408081054688,632,2.232309103012085,560,2.2983145713806152,566,2.3248965740203857
10,10,30,10,3,0.35555555555555557,0.4444444444444444,824.22,665,1.0624675750732422,496,2.2583634853363037,499,2.255997896194458,625,2.260053873062134,548,2.2134242057800293,553,2.3784141540527344
10,10,30,10,3,0.35555555555555557,0.41975308641975306,816.9,646,1.0876436233520508,528,2.252624273300171,524,2.2922723293304443,606,2.2732858657836914,587,2.2601685523986816,574,2.3632400035858154
10,10,30,10,3,0.3888888888888889,0.3950617283950617,825.0,649,1.1018078327178955,529,2.2617251873016357,521,2.237438201904297,601,2.254354476928711,561,2.2677855491638184,553,2.436756134033203
10,10,30,10,3,0.38888888888888895,0.5061728395061729,814.25,623,1.1075682640075684,534,2.2595930099487305,540,2.238057851791382,560,2.3392693996429443,534,2.2897815704345703,577,2.2966694831848145
10,10,30,10,3,0.38888888888888895,0.5185185185185186,817.75,602,1.0856308937072754,529,2.2641701698303223,527,2.2870137691497803,560,2.410207748413086,545,2.2660484313964844,545,2.4281537532806396
10,10,30,10,3,0.38888888888888895,0.54320987654321,818.49,625,1.113800048828125,499,2.376835346221924,505,2.2952051162719727,504,2.26277232170105,509,2.257568836212158,545,2.3297812938690186
10,10,30,10,3,0.3777777777777778,0.5308641975308642,821.87,659,1.1073017120361328,532,2.2702720165252686,537,2.2719955444335938,507,2.161539316177368,534,2.257546901702881,532,2.34761118888855
10,10,30,10,3,0.3777777777777778,0.5308641975308642,821.87,659,1.073066234588623,532,2.2604095935821533,537,2.265016555786133,507,2.2043516635894775,534,2.3394386768341064,532,2.383145809173584
10,10,30,10,3,0.41111111111111115,0.6049382716049383,826.45,650,1.088099479675293,536,2.2344279289245605,538,2.2279207706451416,553,2.2913684844970703,559,2.28244686126709,558,2.3219404220581055
10,10,30,10,3,0.4333333333333333,0.5925925925925926,842.15,670,1.2865931987762451,540,2.359187364578247,541,2.38071870803833,693,2.310755491256714,648,2.267115354537964,545,2.4206650257110596
10,10,30,10,3,0.4222222222222222,0.6049382716049383,840.25,684,1.1091537475585938,531,2.52899169921875,547,2.364088296890259,647,2.2836408615112305,630,2.3178186416625977,563,2.384200096130371
10,10,30,10,3,0.45555555555555555,0.6419753086419753,878.11,698,1.1301474571228027,596,2.2498619556427,589,2.4224047660827637,626,2.2083380222320557,624,2.4863526821136475,624,2.406141519546509
10,10,30,10,3,0.3888888888888889,0.6666666666666666,815.08,623,1.1396820545196533,545,2.2650437355041504,533,2.2875430583953857,534,2.27112078666687,527,2.2406857013702393,570,2.3573708534240723
10,10,30,10,3,0.3333333333333333,0.7037037037037037,822.6,650,1.1020233631134033,506,2.2293663024902344,507,2.2801730632781982,550,2.329470157623291,553,2.235999345779419,536,2.2847187519073486
10,10,30,10,3,0.34444444444444444,0.7037037037037037,844.49,579,1.1835072040557861,497,2.346330165863037,520,2.2955081462860107,556,2.280808687210083,547,2.332660436630249,560,2.4688684940338135
10,10,30,10,3,0.3222222222222223,0.6543209876543209,829.27,665,1.1139142513275146,514,2.4151358604431152,516,2.276003360748291,599,2.3840062618255615,590,2.408874034881592,559,2.35017991065979
10,10,30,10,3,0.3555555555555555,0.654320987654321,856.82,695,1.1048741340637207,550,2.25681471824646,553,2.322054862976074,590,2.269780158996582,597,2.3326399326324463,559,2.448741912841797
10,10,30,10,3,0.4,0.7901234567901234,800.0,614,1.0816595554351807,499,2.6114935874938965,486,2.2960898876190186,541,2.222864866256714,559,2.255603551864624,544,2.5441060066223145
10,10,30,10,3,0.4444444444444443,0.8024691358024691,898.37,720,1.1529908180236816,580,2.3171253204345703,585,2.373258352279663,663,2.334292411804199,569,2.3583059310913086,603,2.3736345767974854
10,10,30,10,4,0.35555555555555557,0.4320987654320987,826.43,661,1.101485252380371,506,2.252028703689575,501,2.241111993789673,632,2.246399402618408,560,2.2749345302581787,566,2.377493143081665
10,10,30,10,4,0.35555555555555557,0.4444444444444444,824.22,665,1.0683467388153076,496,2.2431321144104004,499,2.268256664276123,625,2.2863550186157227,548,2.2390737533569336,553,2.3254551887512207
10,10,30,10,4,0.35555555555555557,0.41975308641975306,816.9,646,1.0891940593719482,528,2.2480194568634033,524,2.2507896423339844,606,2.2783660888671875,587,2.259563684463501,574,2.3435964584350586
10,10,30,10,4,0.3888888888888889,0.3950617283950617,825.0,649,1.080092430114746,529,2.2380082607269287,521,2.2342734336853027,601,2.2493884563446045,561,2.228210926055908,553,2.3296566009521484
10,10,30,10,4,0.38888888888888895,0.5061728395061729,814.25,623,1.0942151546478271,534,2.2553985118865967,540,2.2076642513275146,560,2.315549373626709,534,2.2670836448669434,577,2.2999651432037354
10,10,30,10,4,0.38888888888888895,0.5185185185185186,817.75,602,1.0794472694396973,529,2.2338342666625977,527,2.2376677989959717,560,2.2623753547668457,545,2.4070005416870117,545,2.351979970932007
10,10,30,10,4,0.38888888888888895,0.54320987654321,818.49,625,1.105677843093872,499,2.2447311878204346,505,2.262249231338501,504,2.2577972412109375,509,2.264589309692383,545,2.4403603076934814
10,10,30,10,4,0.3777777777777778,0.5308641975308642,821.87,659,1.0992255210876465,532,2.2466869354248047,537,2.2931408882141113,507,2.2145066261291504,534,2.3282508850097656,532,2.374176502227783
10,10,30,10,4,0.3777777777777778,0.5308641975308642,821.87,659,1.0850179195404053,532,2.260220527648926,537,2.4455668926239014,507,2.542656421661377,534,2.2557451725006104,532,2.467796564102173
10,10,30,10,4,0.41111111111111115,0.6049382716049383,826.45,650,1.115384817123413,536,2.4329628944396973,538,2.371211528778076,553,2.229553461074829,559,2.250520706176758,558,2.292598009109497
10,10,30,10,4,0.4333333333333333,0.5925925925925926,842.15,670,1.098529577255249,540,2.257474660873413,541,2.2911949157714844,693,2.28566837310791,648,2.2561309337615967,545,2.360821008682251
10,10,30,10,4,0.4222222222222222,0.6049382716049383,840.25,684,1.1343705654144287,531,2.262500524520874,547,2.3002312183380127,647,2.3046388626098633,630,2.3051869869232178,563,2.3333170413970947
10,10,30,10,4,0.45555555555555555,0.6419753086419753,878.11,698,1.3110830783843994,596,2.2795915603637695,589,2.4482357501983643,626,2.2470152378082275,624,2.2362771034240723,624,2.403249502182007
10,10,30,10,4,0.3888888888888889,0.6666666666666666,815.08,623,1.122067928314209,545,2.342156410217285,533,2.3734426498413086,534,2.250199317932129,527,2.1921603679656982,570,2.2990691661834717
10,10,30,10,4,0.3333333333333333,0.7037037037037037,822.6,650,1.114990234375,506,2.2222509384155273,507,2.2141616344451904,550,2.523408889770508,553,2.2792232036590576,536,2.448017120361328
10,10,30,10,4,0.34444444444444444,0.7037037037037037,844.49,579,1.117661952972412,497,2.29579758644104,520,2.2202470302581787,556,2.2609989643096924,547,2.4421730041503906,560,2.311903238296509
10,10,30,10,4,0.3222222222222223,0.6543209876543209,829.27,665,1.1136984825134277,514,2.225029468536377,516,2.2505006790161133,599,2.232271194458008,590,2.299088478088379,559,2.493536949157715
10,10,30,10,4,0.3555555555555555,0.654320987654321,856.82,695,1.1629273891448975,550,2.3749125003814697,553,2.3178229331970215,590,2.296069383621216,597,2.2634470462799072,559,2.3736412525177
10,10,30,10,4,0.4,0.7901234567901234,800.0,614,1.1104819774627686,499,2.372588872909546,486,2.2666780948638916,541,2.2399845123291016,559,2.283444881439209,544,2.331073045730591
10,10,30,10,4,0.4444444444444443,0.8024691358024691,898.37,720,1.0848512649536133,580,2.2768969535827637,585,2.43066143989563,663,2.2940382957458496,569,2.216140031814575,603,2.3622100353240967
10,10,30,10,5,0.35555555555555557,0.4320987654320987,826.43,661,1.0972459316253662,506,2.223797082901001,501,2.2896368503570557,632,2.4172887802124023,560,2.2457680702209473,566,2.349246025085449
10,10,30,10,5,0.35555555555555557,0.4444444444444444,824.22,665,1.066476821899414,496,2.383363962173462,499,2.2272379398345947,625,2.275724172592163,548,2.4728126525878906,553,2.446809768676758
10,10,30,10,5,0.35555555555555557,0.41975308641975306,816.9,646,1.0945372581481934,528,2.2273054122924805,524,2.2647807598114014,606,2.2573139667510986,587,2.271595001220703,574,2.478994131088257
10,10,30,10,5,0.3888888888888889,0.3950617283950617,825.0,649,1.1315760612487793,529,2.2723147869110107,521,2.2473411560058594,601,2.2924704551696777,561,2.2425169944763184,553,2.329822063446045
10,10,30,10,5,0.38888888888888895,0.5061728395061729,814.25,623,1.3216898441314697,534,2.2439403533935547,540,2.2815394401550293,560,2.2565970420837402,534,2.284547805786133,577,2.34303617477417
10,10,30,10,5,0.38888888888888895,0.5185185185185186,817.75,602,1.2763705253601074,529,2.4354703426361084,527,2.2197964191436768,560,2.2832627296447754,545,2.2410218715667725,545,2.3598098754882812
10,10,30,10,5,0.38888888888888895,0.54320987654321,818.49,625,1.0862388610839844,499,2.2523231506347656,505,2.4316117763519287,504,2.3450422286987305,509,2.3172504901885986,545,2.407595634460449
10,10,30,10,5,0.3777777777777778,0.5308641975308642,821.87,659,1.1009886264801025,532,2.2440643310546875,537,2.32106876373291,507,2.4005324840545654,534,2.2735204696655273,532,2.335803985595703
10,10,30,10,5,0.3777777777777778,0.5308641975308642,821.87,659,1.0877280235290527,532,2.3612308502197266,537,2.2377004623413086,507,2.2094433307647705,534,2.5083138942718506,532,2.362279176712036
10,10,30,10,5,0.41111111111111115,0.6049382716049383,826.45,650,1.0908100605010986,536,2.2361507415771484,538,2.2758853435516357,553,2.2492868900299072,559,2.3132073879241943,558,2.5262861251831055
10,10,30,10,5,0.4333333333333333,0.5925925925925926,842.15,670,1.2298359870910645,540,2.2662668228149414,541,2.257704019546509,693,2.3293240070343018,648,2.2470312118530273,545,2.349972724914551
10,10,30,10,5,0.4222222222222222,0.6049382716049383,840.25,684,1.3128111362457275,531,2.356411933898926,547,2.369347095489502,647,2.265561580657959,630,2.250545024871826,563,2.3418853282928467
10,10,30,10,5,0.45555555555555555,0.6419753086419753,878.11,698,1.1047232151031494,596,2.469183921813965,589,2.2948944568634033,626,2.216625928878784,624,2.2656283378601074,624,2.380011558532715
10,10,30,10,5,0.3888888888888889,0.6666666666666666,815.08,623,1.1163806915283203,545,2.4059109687805176,533,2.430006265640259,534,2.224240779876709,527,2.2147443294525146,570,2.2912707328796387
10,10,30,10,5,0.3333333333333333,0.7037037037037037,822.6,650,1.1174187660217285,506,2.180911064147949,507,2.22745418548584,550,2.531818151473999,553,2.2840824127197266,536,2.3022778034210205
10,10,30,10,5,0.34444444444444444,0.7037037037037037,844.49,579,1.116997480392456,497,2.25784969329834,520,2.2291259765625,556,2.2547268867492676,547,2.611210584640503,560,2.369570732116699
10,10,30,10,5,0.3222222222222223,0.6543209876543209,829.27,665,1.196134090423584,514,2.236048936843872,516,2.2379937171936035,599,2.229142904281616,590,2.256941318511963,559,2.5591695308685303
10,10,30,10,5,0.3555555555555555,0.654320987654321,856.82,695,1.0938217639923096,550,2.248262405395508,553,2.259026050567627,590,2.2867307662963867,597,2.28429913520813,559,2.3563363552093506
10,10,30,10,5,0.4,0.7901234567901234,800.0,614,1.0703938007354736,499,2.5972037315368652,486,2.283997058868408,541,2.2058684825897217,559,2.272380828857422,544,2.3354790210723877
10,10,30,10,5,0.4444444444444443,0.8024691358024691,898.37,720,1.078782081604004,580,2.295408010482788,585,2.4987142086029053,663,2.302445650100708,569,2.1766371726989746,603,2.32232928276062
10,10,30,10,6,0.35555555555555557,0.4320987654320987,826.43,661,1.1294386386871338,506,2.2157068252563477,501,2.2665646076202393,632,2.402780532836914,560,2.3978700637817383,566,2.3288726806640625
10,10,30,10,6,0.35555555555555557,0.4444444444444444,824.22,665,1.06907057762146,496,2.2440569400787354,499,2.3706438541412354,625,2.2674286365509033,548,2.3919241428375244,553,2.3434901237487793
10,10,30,10,6,0.35555555555555557,0.41975308641975306,816.9,646,1.0936059951782227,528,2.198817491531372,524,2.2834670543670654,606,2.334354877471924,587,2.3030195236206055,574,2.5005240440368652
10,10,30,10,6,0.3888888888888889,0.3950617283950617,825.0,649,1.0750927925109863,529,2.273969888687134,521,2.239433765411377,601,2.264732599258423,561,2.203817129135132,553,2.434217929840088
10,10,30,10,6,0.38888888888888895,0.5061728395061729,814.25,623,1.2735323905944824,534,2.2122910022735596,540,2.2227373123168945,560,2.2581677436828613,534,2.28733229637146,577,2.271477222442627
10,10,30,10,6,0.38888888888888895,0.5185185185185186,817.75,602,1.0973548889160156,529,2.4273571968078613,527,2.244701385498047,560,2.3191375732421875,545,2.2526235580444336,545,2.332381010055542
10,10,30,10,6,0.38888888888888895,0.54320987654321,818.49,625,1.086846113204956,499,2.209481954574585,505,2.409083127975464,504,2.2501063346862793,509,2.307609796524048,545,2.299619674682617
10,10,30,10,6,0.3777777777777778,0.5308641975308642,821.87,659,1.0893616676330566,532,2.273190975189209,537,2.2519593238830566,507,2.2238473892211914,534,2.4300708770751953,532,2.3509929180145264
10,10,30,10,6,0.3777777777777778,0.5308641975308642,821.87,659,1.0803401470184326,532,2.2379961013793945,537,2.2803525924682617,507,2.2145328521728516,534,2.3166141510009766,532,2.521742820739746
10,10,30,10,6,0.41111111111111115,0.6049382716049383,826.45,650,1.0879476070404053,536,2.2301621437072754,538,2.2198002338409424,553,2.2672619819641113,559,2.243171453475952,558,2.3065247535705566
10,10,30,10,6,0.4333333333333333,0.5925925925925926,842.15,670,1.2798287868499756,540,2.39258074760437,541,2.3234615325927734,693,2.2846548557281494,648,2.303088426589966,545,2.3457846641540527
10,10,30,10,6,0.4222222222222222,0.6049382716049383,840.25,684,1.1007676124572754,531,2.471188545227051,547,2.2915902137756348,647,2.302769184112549,630,2.2801926136016846,563,2.3557627201080322
10,10,30,10,6,0.45555555555555555,0.6419753086419753,878.11,698,1.1662302017211914,596,2.3463120460510254,589,2.49452805519104,626,2.2146480083465576,624,2.3107316493988037,624,2.354781150817871
10,10,30,10,6,0.3888888888888889,0.6666666666666666,815.08,623,1.1199707984924316,545,2.249782085418701,533,2.3970513343811035,534,2.416865587234497,527,2.2169034481048584,570,2.3468430042266846
10,10,30,10,6,0.3333333333333333,0.7037037037037037,822.6,650,1.10398268699646,506,2.2232553958892822,507,2.222771167755127,550,2.266021251678467,553,2.450291633605957,536,2.3733575344085693
10,10,30,10,6,0.34444444444444444,0.7037037037037037,844.49,579,1.136871576309204,497,2.2931673526763916,520,2.240405797958374,556,2.250192880630493,547,2.239042043685913,560,2.558138132095337
10,10,30,10,6,0.3222222222222223,0.6543209876543209,829.27,665,1.094412088394165,514,2.280853509902954,516,2.2438111305236816,599,2.4238080978393555,590,2.281632423400879,559,2.3079745769500732
10,10,30,10,6,0.3555555555555555,0.654320987654321,856.82,695,1.320749282836914,550,2.2615222930908203,553,2.286926507949829,590,2.2921972274780273,597,2.3245849609375,559,2.359849214553833
10,10,30,10,6,0.4,0.7901234567901234,800.0,614,1.0799446105957031,499,2.5116219520568848,486,2.4663705825805664,541,2.2387800216674805,559,2.267305612564087,544,2.476541519165039
10,10,30,10,6,0.4444444444444443,0.8024691358024691,898.37,720,1.0902354717254639,580,2.2608983516693115,585,2.4791672229766846,663,2.3711037635803223,569,2.227294921875,603,2.3195960521698
10,10,30,10,7,0.35555555555555557,0.4320987654320987,826.43,661,1.0887000560760498,506,2.2578399181365967,501,2.2553203105926514,632,2.467636823654175,560,2.2726590633392334,566,2.3829195499420166
10,10,30,10,7,0.35555555555555557,0.4444444444444444,824.22,665,1.0608739852905273,496,2.247913360595703,499,2.2726049423217773,625,2.2784128189086914,548,2.3899128437042236,553,2.3293557167053223
10,10,30,10,7,0.35555555555555557,0.41975308641975306,816.9,646,1.136474847793579,528,2.2314746379852295,524,2.2231380939483643,606,2.261730670928955,587,2.2518386840820312,574,2.525364875793457
10,10,30,10,7,0.3888888888888889,0.3950617283950617,825.0,649,1.095386266708374,529,2.230527400970459,521,2.2492260932922363,601,2.2323451042175293,561,2.2376298904418945,553,2.3361730575561523
10,10,30,10,7,0.38888888888888895,0.5061728395061729,814.25,623,1.1605570316314697,534,2.4866225719451904,540,2.28190541267395,560,2.2818031311035156,534,2.2639684677124023,577,2.273388624191284
10,10,30,10,7,0.38888888888888895,0.5185185185185186,817.75,602,1.0800795555114746,529,2.218792676925659,527,2.4955062866210938,560,2.253369092941284,545,2.2350242137908936,545,2.3250985145568848
10,10,30,10,7,0.38888888888888895,0.54320987654321,818.49,625,1.1274843215942383,499,2.1963024139404297,505,2.23081636428833,504,2.429457664489746,509,2.2520806789398193,545,2.2941386699676514
10,10,30,10,7,0.3777777777777778,0.5308641975308642,821.87,659,1.0998132228851318,532,2.2739713191986084,537,2.2374212741851807,507,2.1909327507019043,534,2.4941539764404297,532,2.337848663330078
10,10,30,10,7,0.3777777777777778,0.5308641975308642,821.87,659,1.0590078830718994,532,2.223470449447632,537,2.2124903202056885,507,2.2497923374176025,534,2.2371678352355957,532,2.486936092376709
10,10,30,10,7,0.41111111111111115,0.6049382716049383,826.45,650,1.1347439289093018,536,2.3284661769866943,538,2.227602481842041,553,2.2452027797698975,559,2.252804756164551,558,2.2800190448760986
10,10,30,10,7,0.4333333333333333,0.5925925925925926,842.15,670,1.103466510772705,540,2.469714641571045,541,2.4127309322357178,693,2.2360105514526367,648,2.215339422225952,545,2.365981101989746
10,10,30,10,7,0.4222222222222222,0.6049382716049383,840.25,684,1.0970532894134521,531,2.2556545734405518,547,2.4181294441223145,647,2.282083034515381,630,2.282111167907715,563,2.277831554412842
10,10,30,10,7,0.45555555555555555,0.6419753086419753,878.11,698,1.1251838207244873,596,2.2199769020080566,589,2.318838357925415,626,2.3963825702667236,624,2.230207681655884,624,2.3795504570007324
10,10,30,10,7,0.3888888888888889,0.6666666666666666,815.08,623,1.0810391902923584,545,2.226125955581665,533,2.2293074131011963,534,2.2405054569244385,527,2.4373185634613037,570,2.3473761081695557
10,10,30,10,7,0.3333333333333333,0.7037037037037037,822.6,650,1.1298480033874512,506,2.2454593181610107,507,2.204364538192749,550,2.2191081047058105,553,2.2229888439178467,536,2.51261830329895
10,10,30,10,7,0.34444444444444444,0.7037037037037037,844.49,579,1.1019482612609863,497,2.270571708679199,520,2.220883369445801,556,2.267277479171753,547,2.214276075363159,560,2.334320306777954
10,10,30,10,7,0.3222222222222223,0.6543209876543209,829.27,665,1.3063361644744873,514,2.2260711193084717,516,2.278839349746704,599,2.2356033325195312,590,2.292623281478882,559,2.304293155670166
10,10,30,10,7,0.3555555555555555,0.654320987654321,856.82,695,1.0960602760314941,550,2.4725873470306396,553,2.302961587905884,590,2.224116563796997,597,2.2456908226013184,559,2.3527026176452637
10,10,30,10,7,0.4,0.7901234567901234,800.0,614,1.09197998046875,499,2.2461090087890625,486,2.441152811050415,541,2.353701114654541,559,2.3209166526794434,544,2.3632454872131348
10,10,30,10,7,0.4444444444444443,0.8024691358024691,898.37,720,1.1183207035064697,580,2.2454497814178467,585,2.3012092113494873,663,2.4963769912719727,569,2.218003273010254,603,2.364715814590454
10,10,30,10,8,0.35555555555555557,0.4320987654320987,826.43,661,1.128857135772705,506,2.2184088230133057,501,2.2919812202453613,632,2.2560951709747314,560,2.453666925430298,566,2.3507392406463623
10,10,30,10,8,0.35555555555555557,0.4444444444444444,824.22,665,1.0753788948059082,496,2.3164138793945312,499,2.2559165954589844,625,2.2698395252227783,548,2.2568962574005127,553,2.5516154766082764
10,10,30,10,8,0.35555555555555557,0.41975308641975306,816.9,646,1.1004769802093506,528,2.243346691131592,524,2.3120243549346924,606,2.2546253204345703,587,2.2722060680389404,574,2.31840443611145
10,10,30,10,8,0.3888888888888889,0.3950617283950617,825.0,649,1.1115381717681885,529,2.5268564224243164,521,2.3105640411376953,601,2.274198055267334,561,2.266284942626953,553,2.3476929664611816
10,10,30,10,8,0.38888888888888895,0.5061728395061729,814.25,623,1.1124019622802734,534,2.224954843521118,540,2.483603000640869,560,2.2637593746185303,534,2.2830402851104736,577,2.3370320796966553
10,10,30,10,8,0.38888888888888895,0.5185185185185186,817.75,602,1.1131725311279297,529,2.26234769821167,527,2.2614290714263916,560,2.504336357116699,545,2.241272211074829,545,2.374098062515259
10,10,30,10,8,0.38888888888888895,0.54320987654321,818.49,625,1.1001276969909668,499,2.2921364307403564,505,2.234576463699341,504,2.2303874492645264,509,2.4842588901519775,545,2.3566224575042725
10,10,30,10,8,0.3777777777777778,0.5308641975308642,821.87,659,1.1080846786499023,532,2.226728916168213,537,2.267639636993408,507,2.216200590133667,534,2.2603182792663574,532,2.596717357635498
10,10,30,10,8,0.3777777777777778,0.5308641975308642,821.87,659,1.26517915725708,532,2.253591775894165,537,2.225609302520752,507,2.2245171070098877,534,2.3975298404693604,532,2.3143808841705322
10,10,30,10,8,0.41111111111111115,0.6049382716049383,826.45,650,1.2999236583709717,536,2.196293830871582,538,2.2500383853912354,553,2.2161917686462402,559,2.2959258556365967,558,2.285330057144165
10,10,30,10,8,0.4333333333333333,0.5925925925925926,842.15,670,1.1001992225646973,540,2.452810764312744,541,2.236973285675049,693,2.3030269145965576,648,2.2172763347625732,545,2.337888479232788
10,10,30,10,8,0.4222222222222222,0.6049382716049383,840.25,684,1.1003680229187012,531,2.2392332553863525,547,2.5135507583618164,647,2.2562310695648193,630,2.2749059200286865,563,2.405067205429077
10,10,30,10,8,0.45555555555555555,0.6419753086419753,878.11,698,1.1108455657958984,596,2.2475695610046387,589,2.2511508464813232,626,2.4327750205993652,624,2.351409912109375,624,2.3744471073150635
10,10,30,10,8,0.3888888888888889,0.6666666666666666,815.08,623,1.0897369384765625,545,2.2465038299560547,533,2.2391180992126465,534,2.2403054237365723,527,2.4301865100860596,570,2.2929446697235107
10,10,30,10,8,0.3333333333333333,0.7037037037037037,822.6,650,1.085357666015625,506,2.2277026176452637,507,2.229353427886963,550,2.249708414077759,553,2.2275872230529785,536,2.4952962398529053
10,10,30,10,8,0.34444444444444444,0.7037037037037037,844.49,579,1.1217477321624756,497,2.2372260093688965,520,2.241974353790283,556,2.2141788005828857,547,2.268779993057251,560,2.3242251873016357
10,10,30,10,8,0.3222222222222223,0.6543209876543209,829.27,665,1.088775396347046,514,2.4497509002685547,516,2.2400224208831787,599,2.2218949794769287,590,2.2529141902923584,559,2.4886486530303955
10,10,30,10,8,0.3555555555555555,0.654320987654321,856.82,695,1.0907678604125977,550,2.2257726192474365,553,2.5080995559692383,590,2.3051602840423584,597,2.2939865589141846,559,2.334794282913208
10,10,30,10,8,0.4,0.7901234567901234,800.0,614,1.068535566329956,499,2.30800724029541,486,2.2373034954071045,541,2.451058864593506,559,2.3326079845428467,544,2.380632162094116
10,10,30,10,8,0.4444444444444443,0.8024691358024691,898.37,720,1.1055636405944824,580,2.2242085933685303,585,2.2733845710754395,663,2.267808675765991,569,2.3833835124969482,603,2.286497116088867
10,10,30,10,9,0.35555555555555557,0.4320987654320987,826.43,661,1.108501672744751,506,2.25516939163208,501,2.2235512733459473,632,2.242819309234619,560,2.2485647201538086,566,2.5317835807800293
10,10,30,10,9,0.35555555555555557,0.4444444444444444,824.22,665,1.067403793334961,496,2.2225334644317627,499,2.253722906112671,625,2.2237894535064697,548,2.2484257221221924,553,2.3086423873901367
10,10,30,10,9,0.35555555555555557,0.41975308641975306,816.9,646,1.124634027481079,528,2.4238970279693604,524,2.292685031890869,606,2.2787420749664307,587,2.2577433586120605,574,2.302433967590332
10,10,30,10,9,0.3888888888888889,0.3950617283950617,825.0,649,1.0911345481872559,529,2.240265369415283,521,2.462395191192627,601,2.242544412612915,561,2.2415456771850586,553,2.33644700050354
10,10,30,10,9,0.38888888888888895,0.5061728395061729,814.25,623,1.1273088455200195,534,2.2377867698669434,540,2.2126731872558594,560,2.545870542526245,534,2.254103183746338,577,2.35105562210083
10,10,30,10,9,0.38888888888888895,0.5185185185185186,817.75,602,1.0782158374786377,529,2.2515809535980225,527,2.2547030448913574,560,2.250467538833618,545,2.423006772994995,545,2.345249891281128
10,10,30,10,9,0.38888888888888895,0.54320987654321,818.49,625,1.079681396484375,499,2.214366912841797,505,2.233755350112915,504,2.2890748977661133,509,2.2489094734191895,545,2.549941062927246
10,10,30,10,9,0.3777777777777778,0.5308641975308642,821.87,659,1.1538655757904053,532,2.2888455390930176,537,2.2965152263641357,507,2.184607744216919,534,2.3901824951171875,532,2.345916271209717
10,10,30,10,9,0.3777777777777778,0.5308641975308642,821.87,659,1.269059181213379,532,2.276500701904297,537,2.2867019176483154,507,2.2240655422210693,534,2.272840738296509,532,2.3399529457092285
10,10,30,10,9,0.41111111111111115,0.6049382716049383,826.45,650,1.1314785480499268,536,2.4463493824005127,538,2.258981704711914,553,2.2741334438323975,559,2.290353298187256,558,2.285294532775879
10,10,30,10,9,0.4333333333333333,0.5925925925925926,842.15,670,1.1106033325195312,540,2.275294065475464,541,2.5227136611938477,693,2.2861709594726562,648,2.212031126022339,545,2.35835862159729
10,10,30,10,9,0.4222222222222222,0.6049382716049383,840.25,684,1.10699462890625,531,2.292201042175293,547,2.283369779586792,647,2.510967969894409,630,2.3650856018066406,563,2.3305065631866455
10,10,30,10,9,0.45555555555555555,0.6419753086419753,878.11,698,1.2307660579681396,596,2.2608330249786377,589,2.2872154712677,626,2.222994089126587,624,2.531895875930786,624,2.354017972946167
10,10,30,10,9,0.3888888888888889,0.6666666666666666,815.08,623,1.11553955078125,545,2.23937726020813,533,2.2919044494628906,534,2.2569031715393066,527,2.2343249320983887,570,2.5134506225585938
10,10,30,10,9,0.3333333333333333,0.7037037037037037,822.6,650,1.1167762279510498,506,2.2222585678100586,507,2.264975070953369,550,2.2569830417633057,553,2.2611541748046875,536,2.2765209674835205
10,10,30,10,9,0.34444444444444444,0.7037037037037037,844.49,579,1.1011838912963867,497,2.4679479598999023,520,2.274595022201538,556,2.235541820526123,547,2.2322871685028076,560,2.382005453109741
10,10,30,10,9,0.3222222222222223,0.6543209876543209,829.27,665,1.1075797080993652,514,2.2448313236236572,516,2.494905948638916,599,2.2801177501678467,590,2.319835662841797,559,2.292055130004883
10,10,30,10,9,0.3555555555555555,0.654320987654321,856.82,695,1.0800402164459229,550,2.2438747882843018,553,2.2583794593811035,590,2.4847404956817627,597,2.2906031608581543,559,2.4061717987060547
10,10,30,10,9,0.4,0.7901234567901234,800.0,614,1.075338363647461,499,2.2784247398376465,486,2.2863476276397705,541,2.267155885696411,559,2.408904552459717,544,2.3197977542877197
10,10,30,10,9,0.4444444444444443,0.8024691358024691,898.37,720,1.1201601028442383,580,2.2445614337921143,585,2.2687790393829346,663,2.404759407043457,569,2.2228550910949707,603,2.5182301998138428
