Generation,Index,Sequence,Makespan
1,1,"60,50,0,90,70,30,20,80,40,81,1,71,61,91,2,10,11,51,82,21,31,92,52,32,41,12,72,22,53,3,73,23,33,13,34,93,42,54,4,5,83,84,94,24,62,14,95,6,43,44,85,74,63,15,45,55,16,86,46,56,7,96,8,64,65,75,35,25,26,76,57,77,36,58,66,78,59,27,79,97,17,67,98,68,37,87,18,38,39,69,9,28,29,47,88,89,99,48,49,19",1144
1,2,"60,50,0,90,70,30,20,80,40,1,71,61,91,2,10,11,51,82,21,81,31,92,52,32,41,12,72,22,53,3,73,23,33,13,34,93,42,54,4,5,83,84,94,24,62,14,95,6,43,44,85,74,63,15,45,55,16,86,46,56,7,96,8,64,65,75,35,25,26,76,57,77,36,58,66,78,59,27,79,17,97,67,98,68,37,87,18,38,39,69,9,28,29,47,88,89,99,48,49,19",1144
1,3,"60,50,0,90,70,30,20,80,40,81,1,71,61,91,2,10,11,51,82,21,31,92,52,32,41,12,72,22,53,3,73,23,33,13,34,93,42,54,4,5,83,84,94,24,62,14,95,6,43,44,85,74,63,15,45,55,16,64,86,46,56,7,96,8,65,75,35,25,26,76,57,77,36,58,66,78,59,27,79,17,97,67,98,68,37,87,18,38,39,69,9,28,29,47,88,89,99,48,49,19",1144
1,4,"60,50,0,90,70,30,20,80,40,81,1,71,61,91,2,10,11,51,82,21,31,92,52,32,41,12,72,22,53,3,73,23,33,13,34,93,42,54,4,5,83,84,94,24,62,14,95,6,43,44,85,74,63,15,45,55,16,86,46,56,7,96,8,64,65,75,35,25,26,76,57,77,36,58,66,78,59,98,27,79,17,97,67,68,37,87,18,38,39,69,9,28,29,47,88,89,99,48,49,19",1144
1,5,"60,50,0,90,70,30,20,80,40,81,1,71,61,91,2,10,11,51,82,21,31,92,52,53,32,41,12,72,22,3,73,33,13,34,23,93,42,54,4,5,83,84,94,24,62,14,95,6,44,85,74,63,15,43,45,55,16,86,46,56,7,96,8,64,65,75,35,25,26,76,57,77,36,58,66,78,59,27,79,17,97,67,98,68,37,87,18,38,69,39,9,28,29,47,88,89,99,48,49,19",1144
1,6,"60,50,0,90,70,20,80,40,81,1,71,61,91,2,10,11,51,82,30,21,31,92,52,32,41,12,72,22,53,3,73,23,33,13,34,42,54,93,4,5,83,84,94,24,62,14,95,6,43,44,85,74,63,15,45,55,16,86,46,56,7,96,8,64,65,75,35,25,26,76,57,77,36,58,66,59,27,78,79,17,97,67,98,68,37,87,18,38,39,69,9,29,47,88,89,99,48,49,28,19",1144
1,7,"60,50,0,20,90,70,30,80,40,81,1,71,61,91,2,10,11,51,82,21,31,92,52,32,41,12,72,22,53,44,3,73,23,33,13,34,93,42,54,4,5,83,84,94,24,62,14,95,6,43,85,74,63,15,45,55,16,86,46,56,7,96,8,64,65,75,35,25,26,76,57,77,79,36,58,66,78,59,27,17,97,67,98,68,37,87,18,38,39,69,9,28,47,29,88,89,99,48,49,19",1144
1,8,"60,50,0,90,70,30,20,80,40,81,1,71,61,91,2,10,11,51,82,21,31,92,52,32,41,12,72,22,53,3,73,23,33,13,34,42,54,4,5,83,84,94,24,62,93,14,95,6,43,44,85,74,63,15,45,55,16,86,46,56,7,96,8,64,65,75,35,25,26,76,57,77,36,58,66,78,59,27,79,17,97,67,98,68,37,87,18,38,39,69,9,28,29,47,88,89,99,48,49,19",1144
1,9,"60,50,0,90,70,30,20,80,40,1,71,61,91,2,10,11,51,81,82,21,31,92,52,32,41,12,72,22,53,3,73,23,33,13,34,93,42,54,4,5,83,84,94,24,62,14,95,6,43,44,85,74,63,15,45,55,16,86,46,56,7,96,8,64,65,75,35,25,26,76,57,77,36,58,66,78,59,27,79,17,97,67,98,68,37,87,18,38,39,69,9,28,29,47,88,89,99,48,49,19",1144
1,10,"60,50,0,90,70,30,20,80,40,81,1,71,61,91,2,10,11,51,82,21,31,92,52,32,41,12,72,22,53,3,73,23,33,13,34,54,93,42,4,5,83,84,94,24,62,14,95,6,43,44,85,74,63,15,45,55,16,86,46,56,7,96,8,64,65,75,35,25,26,76,57,77,36,58,66,78,59,27,79,17,97,67,98,68,37,87,18,38,39,69,9,28,29,47,88,89,99,48,49,19",1144
1,11,"90,50,0,60,20,10,51,40,52,91,80,61,21,1,81,2,41,22,11,42,70,30,23,31,71,53,72,73,92,32,12,62,33,82,93,43,63,83,3,13,74,84,44,54,45,64,34,35,65,24,4,94,75,85,86,5,55,25,14,15,36,46,95,76,96,26,56,47,6,66,77,48,97,87,37,27,7,28,67,78,16,68,57,8,38,88,69,98,39,79,17,89,58,59,18,99,9,19,49,29",1144
1,12,"60,50,0,90,70,30,20,80,40,81,1,71,61,91,2,10,11,51,82,21,31,92,52,32,41,12,72,22,53,3,73,23,33,13,34,93,42,54,4,5,83,84,94,24,62,14,95,6,43,44,85,74,63,15,45,55,16,86,46,56,7,96,8,64,65,75,35,25,26,76,57,77,36,58,66,78,59,27,79,17,97,67,98,68,37,87,18,38,39,69,9,28,29,47,88,89,99,48,49,19",1144
1,13,"60,0,90,70,30,20,80,40,12,81,1,71,91,2,61,10,11,51,82,21,31,92,52,32,41,72,22,53,3,73,23,33,13,34,93,42,54,4,5,83,84,94,24,62,14,95,6,43,44,85,74,63,15,45,55,16,86,46,56,7,96,8,64,65,75,35,25,26,76,57,77,36,58,66,78,59,27,79,17,97,67,98,68,37,87,18,38,39,69,9,28,29,47,50,88,89,99,48,49,19",1157
1,14,"60,50,0,90,70,30,20,80,40,81,1,71,61,91,2,10,11,31,51,82,21,92,52,32,41,12,72,22,53,3,73,23,33,13,34,93,42,54,4,5,83,84,94,24,62,14,95,6,43,44,85,74,63,15,45,55,16,86,46,56,7,96,8,64,65,75,35,25,26,76,57,77,36,58,66,78,59,27,79,17,97,67,98,68,37,87,18,38,39,69,9,28,29,47,88,89,99,48,49,19",1167
1,15,"80,90,60,70,20,1,30,42,25,0,71,72,51,52,61,21,22,91,98,62,31,12,58,73,94,10,11,2,45,74,41,63,40,64,92,7,93,87,75,14,55,82,24,50,83,33,57,32,3,84,95,44,23,85,13,65,35,54,36,66,77,67,6,43,79,38,78,34,5,46,15,81,56,53,96,97,49,47,26,27,37,69,86,8,48,16,4,76,17,68,39,99,28,29,59,9,18,19,88,89",1168
1,16,"60,0,1,50,30,80,10,20,51,31,70,90,40,21,71,11,72,52,61,12,81,22,41,42,23,43,73,74,91,2,82,53,92,93,24,3,62,32,63,33,94,83,13,44,54,4,34,14,15,95,84,64,5,85,75,45,16,35,86,6,96,65,55,76,36,17,77,78,46,56,7,66,8,37,57,58,67,87,68,97,38,25,47,98,26,79,88,9,59,48,99,27,39,28,89,18,19,29,49,69",1180
1,17,"60,50,0,90,70,30,20,80,40,81,1,71,61,91,2,10,11,51,82,21,31,92,52,32,41,12,72,22,53,3,73,23,13,33,34,93,42,54,4,5,83,84,24,62,14,95,6,43,44,94,85,74,63,15,45,55,16,46,56,7,96,8,64,65,75,35,25,26,76,86,57,77,36,58,66,78,59,27,79,17,97,68,67,98,37,87,18,38,39,69,9,28,29,47,88,89,99,48,49,19",1206
1,18,"60,50,0,90,70,30,20,80,40,81,1,71,61,91,2,10,11,51,82,21,31,92,52,32,41,12,72,22,53,3,34,73,23,33,13,93,42,54,4,5,83,84,94,24,62,14,95,6,43,44,85,74,63,15,45,16,86,46,56,55,7,96,8,64,65,75,35,25,26,76,57,77,36,58,97,66,78,59,27,79,17,67,98,68,37,87,18,38,39,69,9,28,29,47,88,89,99,48,49,19",1213
1,19,"20,90,60,91,30,40,10,70,71,31,50,61,80,51,11,12,81,21,41,42,72,52,0,22,92,32,33,93,1,62,2,94,63,43,23,73,44,13,24,45,82,83,74,84,14,53,34,4,64,75,65,35,54,95,3,5,46,76,25,55,6,15,77,68,56,49,7,47,57,85,16,8,36,58,97,17,26,38,48,59,79,67,39,66,86,96,69,27,87,98,18,28,29,78,88,99,9,37,19,89",1220
1,20,"70,30,0,61,52,20,60,1,51,80,23,42,21,10,22,71,31,91,82,72,50,62,40,2,74,90,12,73,53,93,13,81,11,24,92,41,54,25,83,94,75,84,43,3,64,55,14,33,63,32,95,34,4,56,5,44,85,15,35,46,86,36,45,65,66,26,16,67,27,76,47,77,17,87,58,6,37,48,38,7,57,78,49,88,68,28,8,39,9,89,29,96,69,59,97,79,18,19,98,99",1221
1,21,"60,50,0,90,70,30,20,80,40,1,71,61,91,2,10,11,51,82,21,31,92,52,32,41,81,12,72,22,53,3,73,33,13,34,93,23,42,54,4,5,83,84,94,24,62,14,95,6,43,44,85,74,63,15,45,55,16,86,46,56,7,96,8,64,65,75,35,25,26,76,57,77,36,58,66,78,59,27,79,17,97,67,98,68,87,37,18,88,38,39,69,9,28,29,47,89,99,48,49,19",1225
1,22,"30,90,0,10,40,1,50,20,11,91,41,60,2,51,42,80,31,52,53,43,21,12,13,22,70,71,61,23,62,72,73,81,63,14,32,64,92,33,82,44,83,84,3,45,74,4,15,34,65,85,75,5,76,86,77,35,78,93,16,54,24,55,25,94,36,66,95,46,6,47,17,96,56,87,97,57,48,37,88,26,49,27,67,38,18,7,98,8,79,58,19,68,59,28,99,9,89,29,69,39",1231
1,23,"60,50,0,90,70,30,20,80,1,81,40,71,61,91,2,10,11,51,82,21,31,92,52,32,41,12,72,22,53,3,84,23,33,13,34,93,42,54,4,5,83,73,94,24,62,14,95,6,43,44,85,74,63,15,45,55,16,86,46,56,7,96,8,64,65,75,35,25,26,76,57,77,36,58,66,78,59,27,79,17,97,67,98,68,37,87,18,38,39,69,9,28,29,47,88,89,99,48,49,19",1238
1,24,"60,50,0,90,70,30,20,80,40,81,1,71,61,91,2,10,11,51,82,21,31,92,52,32,41,12,72,22,53,3,73,23,33,13,34,93,42,54,4,5,83,84,94,24,62,14,95,6,43,44,85,74,63,15,58,55,16,86,46,56,7,96,8,64,65,75,35,25,26,76,57,77,36,45,66,78,59,27,79,38,97,67,98,68,37,87,18,17,39,69,9,28,29,47,88,89,99,48,49,19",1247
1,25,"30,40,50,98,20,41,70,11,60,51,81,0,31,10,90,91,72,1,43,52,2,29,82,21,71,22,61,54,74,42,3,23,12,83,84,32,92,62,93,63,33,34,94,44,13,24,45,64,85,14,4,95,46,73,7,15,5,16,66,65,55,36,35,56,75,8,47,6,96,97,37,27,67,25,26,86,80,76,17,77,38,68,69,39,48,78,79,57,49,58,87,99,9,88,18,28,89,53,59,19",1248
1,26,"40,90,83,70,20,80,0,1,50,41,5,92,60,51,2,81,9,61,71,52,22,34,62,35,10,53,76,11,31,12,32,30,13,77,72,93,73,84,91,94,54,3,25,33,24,4,69,6,23,42,85,74,82,15,65,55,16,86,46,45,95,96,57,64,44,75,36,7,26,63,78,48,8,68,37,66,87,38,21,14,39,58,27,67,79,97,43,56,98,99,17,49,47,28,29,88,18,89,59,19",1255
1,27,"40,0,30,80,41,10,20,42,43,90,60,31,70,71,91,50,21,1,62,61,63,11,12,51,14,72,2,13,52,81,32,53,22,92,73,93,33,54,82,44,94,95,74,23,75,3,83,45,34,84,55,56,64,4,5,85,24,15,16,6,35,65,76,25,36,66,26,67,27,37,96,77,97,17,28,57,86,58,46,7,59,78,47,79,8,87,88,68,98,69,18,38,29,48,19,39,49,89,99,9",1261
1,28,"4,50,0,90,70,30,20,80,40,81,1,71,61,91,95,44,11,51,82,21,17,36,64,32,41,79,72,22,59,5,73,75,35,13,34,93,42,54,60,28,83,84,94,24,62,14,2,6,43,10,85,74,63,15,45,55,58,3,46,31,7,96,8,52,65,9,33,25,26,76,57,77,92,16,53,78,66,27,68,56,97,67,98,12,37,87,86,38,39,69,23,18,29,47,88,89,99,48,49,19",1265
1,29,"99,60,50,0,90,70,30,20,51,80,40,81,1,71,61,91,2,10,11,82,21,31,92,52,32,41,12,72,22,53,3,73,23,33,13,34,93,42,54,4,5,83,84,94,24,62,14,95,6,43,44,85,74,63,15,45,55,16,86,46,56,7,96,8,64,65,75,35,25,26,76,57,77,36,58,66,78,59,27,79,17,97,67,98,68,37,87,18,38,39,69,9,28,29,47,88,89,48,49,19",1266
1,30,"0,10,30,70,71,20,40,60,1,80,41,42,31,90,50,51,61,91,21,72,22,62,11,73,63,52,12,2,53,43,13,23,81,14,92,82,74,93,64,94,75,32,83,54,84,55,24,33,25,3,95,34,4,56,5,65,35,76,36,66,77,6,67,97,57,37,38,78,44,45,46,15,7,85,68,96,39,47,26,27,8,79,69,86,48,16,98,9,17,58,49,99,28,29,59,87,18,19,88,89",1274
1,31,"20,90,10,91,30,0,80,40,41,70,60,71,1,31,2,50,61,43,51,21,22,52,53,81,42,62,11,92,12,82,13,3,83,23,14,32,93,72,84,73,24,94,95,33,74,4,5,44,54,63,34,6,64,65,25,15,75,35,85,26,45,16,86,76,46,47,55,48,17,56,77,7,78,96,57,49,79,36,8,66,37,58,59,27,67,38,68,39,28,69,9,97,87,18,98,99,19,88,89,29",1276
1,32,"60,0,70,92,50,68,90,51,80,38,21,10,81,84,12,61,11,41,82,91,62,1,79,32,72,88,42,2,52,73,13,63,96,71,43,74,3,33,23,14,44,34,93,20,24,45,64,22,75,83,4,46,55,5,94,85,86,65,15,66,76,25,95,16,6,54,29,77,57,58,7,67,26,17,78,35,36,47,97,87,59,48,8,31,53,27,98,69,30,9,37,28,40,18,49,89,19,39,56,99",1282
1,33,"60,40,41,20,90,30,10,0,91,50,11,80,31,51,70,12,21,94,52,71,1,2,23,61,13,81,32,33,53,63,73,62,92,14,72,42,66,43,74,82,75,44,83,85,93,3,4,24,84,54,34,76,35,15,45,55,16,86,46,56,7,96,8,64,77,25,95,67,36,47,87,5,78,6,97,48,88,65,26,57,98,18,37,38,99,49,28,79,29,89,58,59,27,22,68,39,69,17,19,9",1283
1,34,"60,0,10,70,80,71,1,20,90,30,91,50,31,40,21,41,5,42,51,12,52,2,22,81,23,13,53,72,61,43,82,62,32,33,44,83,92,63,3,45,4,84,11,64,85,14,86,34,73,15,35,65,93,24,25,26,94,54,95,96,46,74,75,47,55,56,48,36,76,6,7,37,57,8,77,16,17,78,58,79,66,49,27,28,59,97,98,87,18,88,67,68,89,19,38,9,39,69,99,29",1297
1,35,"60,72,0,90,70,30,20,80,87,81,1,71,61,91,77,58,11,51,82,21,99,92,52,32,41,94,50,22,53,3,73,23,43,13,34,93,42,54,4,5,83,84,12,24,62,14,7,79,97,44,85,74,63,15,45,55,16,86,46,56,95,96,8,64,65,75,35,25,26,76,57,2,36,10,66,78,59,27,6,17,33,67,98,68,37,40,18,38,39,69,9,28,29,47,88,89,31,48,49,19",1308
1,36,"60,50,90,70,30,20,80,40,81,1,91,71,61,2,10,11,51,82,21,31,92,52,32,41,12,72,22,53,3,73,23,33,13,34,93,42,54,4,5,83,84,94,24,14,62,95,6,43,44,85,74,63,15,45,55,16,86,46,56,7,96,8,64,65,75,35,25,26,76,57,77,36,58,66,78,59,27,79,17,97,67,98,68,37,87,18,38,88,39,69,9,28,29,47,89,99,48,49,19,0",1313
1,37,"60,0,1,50,30,80,10,20,51,31,70,90,40,21,71,11,72,61,12,81,52,22,41,42,3,43,73,74,91,2,82,62,92,33,94,63,32,53,13,4,83,24,23,85,64,84,34,44,45,65,93,35,5,86,75,16,25,46,54,55,36,66,6,76,96,17,77,78,14,56,7,95,37,57,58,8,67,87,68,97,38,15,47,98,26,79,88,9,59,48,99,27,39,28,89,49,18,19,29,69",1316
1,38,"20,10,0,40,60,41,1,90,50,21,80,51,42,91,22,61,11,52,43,81,2,71,70,12,82,30,83,31,53,13,73,3,92,63,23,64,14,32,33,72,62,93,24,54,84,44,94,4,74,45,34,85,55,75,46,95,65,86,5,25,76,56,15,77,26,35,47,6,96,78,79,16,48,17,36,57,58,59,8,49,66,87,97,7,88,37,67,68,27,69,18,19,98,28,89,38,99,39,29,9",1318
1,39,"73,8,0,90,70,30,20,80,40,81,1,43,61,91,2,10,11,51,82,21,31,92,52,97,41,35,72,58,53,59,60,23,33,13,34,93,42,54,4,5,83,84,94,24,62,14,95,6,71,44,85,77,63,15,45,55,16,86,22,56,7,96,50,29,65,75,12,25,26,76,57,74,36,46,66,78,3,27,79,17,32,67,98,68,37,87,18,38,39,69,9,28,64,47,88,89,99,48,49,19",1321
1,40,"90,40,10,51,30,20,50,91,11,12,70,60,1,2,0,13,21,41,61,87,22,23,5,42,52,72,43,80,62,73,63,81,92,74,53,32,16,14,3,39,75,83,93,64,25,33,84,4,46,31,94,15,45,82,54,55,85,56,26,65,95,6,66,86,35,34,96,98,76,7,77,78,8,67,57,58,47,59,79,17,68,48,69,49,36,37,27,97,44,38,99,24,9,28,71,18,29,19,88,89",1323
1,41,"89,60,50,30,0,90,70,20,80,40,81,1,71,61,91,2,10,11,51,82,21,31,72,33,53,41,22,12,3,84,92,4,23,54,93,6,13,63,85,73,43,5,42,24,45,62,52,74,56,15,32,83,55,44,95,64,14,16,86,46,94,7,96,8,34,65,75,35,57,25,26,76,77,36,58,66,78,59,27,79,17,97,67,98,68,37,87,18,38,39,69,9,28,29,47,88,99,48,49,19",1333
1,42,"60,19,50,31,90,70,30,20,80,40,71,3,81,91,82,5,92,61,42,52,62,10,11,22,72,0,33,73,41,2,21,34,94,13,84,63,43,83,24,14,51,93,23,64,44,1,74,95,6,53,54,85,4,32,15,45,55,16,86,46,56,7,96,8,12,65,75,35,25,26,76,57,77,36,58,66,78,59,27,79,17,97,67,98,68,37,87,18,38,39,69,9,28,29,47,88,89,99,48,49",1334
1,43,"0,20,90,60,30,1,40,31,70,80,71,10,41,91,50,11,12,21,81,82,2,61,13,42,43,62,14,92,63,51,72,73,74,22,93,23,32,24,3,33,44,52,34,53,54,64,55,65,75,4,76,45,25,15,5,57,46,36,6,94,95,16,83,56,85,77,68,7,78,88,86,67,87,37,9,66,8,47,58,96,69,38,84,17,79,35,48,28,98,39,26,27,89,18,29,59,19,49,97,99",1337
1,44,"60,50,0,90,70,30,20,80,40,81,1,71,61,91,13,10,11,51,82,21,31,92,23,41,12,22,72,54,42,73,33,52,3,4,53,32,83,62,85,14,84,94,95,24,63,64,93,75,25,44,2,15,74,45,35,16,55,86,46,56,7,96,8,5,65,6,34,43,26,76,57,77,36,58,66,78,59,27,79,17,97,67,98,68,37,87,18,38,39,69,9,28,29,47,88,89,99,48,49,19",1346
1,45,"12,30,70,10,71,43,0,3,40,1,41,93,50,42,83,11,61,82,24,22,60,20,62,31,51,63,52,73,90,85,13,80,32,34,92,94,84,23,33,21,2,44,81,72,53,14,54,6,45,91,15,95,74,86,96,4,46,64,65,7,35,8,16,25,75,55,36,56,26,5,37,76,66,87,47,77,27,48,88,67,38,9,68,78,79,39,97,98,69,99,57,28,29,58,17,49,18,59,89,19",1347
1,46,"60,50,0,90,70,30,20,80,43,81,1,71,61,91,2,10,11,22,82,21,39,92,52,32,41,12,72,51,53,3,73,23,33,13,83,93,42,54,38,5,34,48,94,24,29,14,19,6,40,75,85,74,63,15,45,55,16,86,46,56,7,96,8,69,65,44,35,89,26,76,57,77,36,58,66,78,59,27,79,17,97,67,98,68,37,87,18,4,31,64,9,28,62,47,88,25,99,84,49,95",1351
1,47,"0,90,91,50,30,1,10,40,41,11,94,42,12,60,61,20,13,51,31,21,22,70,80,71,43,52,81,92,62,72,73,53,74,63,82,23,14,93,64,54,55,75,83,69,24,95,56,84,32,33,3,25,34,35,4,5,36,44,65,15,66,67,76,85,26,45,96,16,6,57,46,7,47,97,48,37,77,78,86,17,98,49,27,87,58,38,59,28,18,8,29,19,88,89,68,79,39,99,2,9",1353
1,48,"60,46,0,90,75,30,8,80,40,34,1,71,61,91,2,24,11,51,44,6,31,92,52,32,41,12,72,23,53,63,73,83,15,87,54,42,7,62,93,5,82,14,10,13,95,64,4,35,43,22,85,74,33,94,45,55,16,86,50,26,3,96,20,66,65,70,21,25,56,76,57,77,36,58,84,78,59,27,79,17,97,67,98,68,37,81,18,38,39,69,9,28,29,47,88,89,99,48,49,19",1355
1,49,"30,70,20,10,60,90,0,91,40,71,80,41,31,42,50,61,81,82,32,51,11,72,52,1,13,12,43,73,74,24,93,21,2,92,22,3,23,53,62,33,94,83,63,64,35,4,34,46,15,66,84,44,75,85,5,45,16,14,86,6,96,95,47,67,65,36,56,76,55,25,57,48,37,77,97,7,8,78,26,68,38,27,28,39,9,54,58,69,59,29,98,87,79,17,49,88,99,89,18,19",1357
1,50,"60,50,0,90,70,30,20,80,40,81,1,71,61,87,2,10,11,51,82,21,31,92,52,75,41,12,72,22,53,3,73,23,33,13,34,93,42,54,4,5,83,84,94,24,62,14,78,77,43,44,85,74,63,15,45,55,16,86,46,56,7,96,8,64,65,32,35,25,26,76,57,6,36,58,66,95,59,27,79,17,99,67,98,68,37,91,18,38,39,69,9,28,29,47,88,89,97,48,49,19",1371
1,51,"60,50,0,90,30,20,80,40,81,1,71,61,91,2,10,11,51,82,21,31,92,52,32,41,12,72,22,53,3,73,23,33,13,34,93,42,54,4,5,83,84,94,24,62,14,95,6,43,86,44,85,74,63,15,45,55,16,46,56,7,96,8,64,65,75,35,25,26,76,57,77,36,58,66,78,59,27,79,17,97,67,98,68,37,87,18,38,39,69,9,28,29,47,88,89,19,99,48,49,70",1377
1,52,"60,70,20,30,80,50,90,82,40,62,71,52,81,91,42,0,41,83,22,1,31,92,61,32,10,94,72,11,43,3,73,64,33,13,34,53,93,44,4,5,2,84,12,54,21,14,23,63,25,35,24,85,65,74,95,55,56,45,86,51,36,6,46,7,75,8,76,57,15,66,96,47,16,77,67,26,17,58,48,49,78,87,59,88,37,68,97,79,69,38,39,27,89,29,18,98,19,99,28,9",1381
1,53,"60,50,0,90,69,24,86,80,40,81,1,71,61,91,2,10,11,51,82,21,31,92,28,32,41,12,72,22,53,3,73,23,76,20,34,93,42,54,4,5,83,84,58,43,62,14,95,6,30,44,85,74,63,15,45,55,16,13,46,94,7,96,8,64,65,75,29,25,37,33,70,77,36,56,66,57,35,27,79,17,97,67,98,68,26,87,18,38,39,59,9,52,78,47,88,89,99,48,49,19",1398
1,54,"70,30,90,71,50,91,80,20,40,81,31,21,0,82,22,1,83,60,10,79,61,11,41,72,97,52,92,25,9,32,73,23,33,13,95,3,84,54,4,57,94,15,93,24,74,5,42,6,43,44,85,45,53,35,34,55,14,65,62,76,2,17,46,47,48,99,26,86,75,77,7,16,66,56,8,67,78,64,68,51,36,12,27,58,37,98,38,63,59,28,49,87,39,29,96,69,88,18,19,89",1403
1,55,"60,50,0,90,70,30,20,80,40,81,1,71,61,91,2,10,11,51,82,21,31,92,52,32,12,72,22,53,3,73,23,33,13,5,34,93,42,15,41,4,83,84,7,24,62,14,95,6,43,44,45,74,63,54,85,56,76,77,46,65,94,36,17,66,55,75,25,35,26,16,57,86,96,58,64,78,59,27,79,8,97,67,98,68,87,18,38,39,69,9,28,29,47,88,37,89,99,48,49,19",1407
1,56,"40,41,20,80,0,10,63,1,50,15,90,81,21,70,82,30,3,60,91,31,2,61,11,71,51,92,72,22,53,12,62,93,52,13,24,23,44,54,4,14,55,32,45,64,73,33,5,6,95,84,85,74,42,37,34,83,16,46,86,56,35,7,25,36,26,96,8,75,47,94,48,43,65,76,17,77,57,58,66,49,67,68,27,97,69,59,78,79,28,98,87,88,18,89,19,38,99,29,39,9",1421
1,57,"60,50,0,90,61,75,20,80,13,81,1,72,70,91,2,34,11,51,82,56,26,92,52,32,49,42,43,22,53,3,73,23,21,10,40,93,12,54,4,5,74,84,94,78,62,39,95,6,71,25,97,83,63,15,45,55,16,86,46,37,7,96,8,64,65,30,35,44,31,76,57,77,36,58,66,24,59,27,79,17,85,67,98,68,87,33,18,38,14,69,9,28,29,47,88,89,99,48,41,19",1431
1,58,"88,50,3,10,56,90,80,30,20,71,49,94,31,91,58,2,40,41,53,42,61,73,46,17,33,11,12,81,85,32,92,13,21,62,37,76,23,82,14,24,93,64,47,44,54,60,25,83,55,4,34,15,65,52,45,43,63,77,66,35,16,67,1,5,22,78,86,70,95,36,87,26,84,6,57,96,7,97,8,27,68,79,69,74,75,18,28,0,89,98,48,19,51,38,29,72,99,59,9,39",1434
1,59,"91,51,0,90,92,80,39,52,40,72,2,32,1,17,12,20,58,50,34,21,22,82,61,71,43,30,78,70,23,11,73,83,74,63,31,54,14,75,64,62,94,5,55,66,53,42,95,47,24,44,88,33,81,15,45,93,16,36,46,56,7,96,8,86,65,13,35,25,26,76,57,85,4,84,41,68,59,27,79,60,97,67,98,3,37,87,18,38,10,69,9,28,29,6,77,89,99,48,49,19",1440
1,60,"51,50,0,90,54,30,20,80,40,81,67,49,61,91,2,10,11,35,70,5,31,9,34,23,41,12,42,22,84,93,6,32,33,60,82,3,72,86,52,62,83,94,73,15,63,64,43,21,96,85,4,55,24,46,25,74,56,44,95,13,16,8,36,75,53,29,26,45,89,1,47,65,27,58,7,78,18,77,79,17,97,14,98,68,37,87,59,38,39,69,92,28,76,57,88,66,99,48,71,19",1449
1,61,"60,50,0,90,70,30,20,80,40,81,1,71,61,91,86,10,11,16,67,21,31,2,51,32,48,12,72,22,74,3,73,23,33,13,34,93,42,19,4,5,83,84,94,24,62,14,95,6,43,44,85,53,63,79,45,55,52,92,54,56,7,96,8,64,65,75,35,25,26,76,29,77,36,58,66,78,59,27,15,17,97,82,98,68,37,87,18,38,39,69,9,28,57,47,88,89,99,41,49,46",1451
1,62,"60,0,90,70,30,20,80,40,81,1,71,61,50,91,2,10,11,51,82,21,31,92,52,32,41,12,72,22,34,53,3,73,33,13,93,42,54,4,5,83,23,84,94,24,62,14,95,6,43,44,85,74,63,15,45,55,16,27,46,56,7,58,8,64,65,75,35,25,59,76,57,77,36,87,68,47,78,29,66,26,48,49,18,97,38,98,9,86,96,39,69,88,37,17,28,89,99,79,67,19",1453
1,63,"90,30,70,10,71,80,0,91,40,1,41,2,50,42,63,11,20,12,13,21,22,60,51,81,82,31,61,52,3,23,83,32,72,92,53,93,94,84,73,44,33,85,4,74,5,14,95,6,54,34,62,24,43,15,8,55,65,25,75,35,36,46,45,7,96,16,66,86,26,76,88,77,47,39,56,78,48,59,79,9,37,17,64,98,28,57,68,18,97,58,69,99,29,87,67,49,38,27,89,19",1454
1,64,"50,0,70,71,1,40,30,90,91,10,11,37,20,12,42,2,80,43,47,76,81,13,82,3,60,61,92,93,89,23,62,31,14,52,32,33,53,44,4,63,59,5,41,72,34,94,15,35,73,16,54,64,24,84,95,85,6,96,25,74,86,46,7,55,56,75,22,36,17,83,66,87,97,8,57,67,98,58,65,77,78,38,99,26,27,68,79,9,39,69,28,29,45,18,21,88,51,48,49,19",1459
1,65,"60,50,0,90,70,30,20,80,40,81,1,53,61,91,57,56,11,51,82,21,31,92,52,32,41,12,17,22,71,23,62,13,33,3,34,93,42,54,4,5,83,84,94,24,73,14,95,6,43,44,85,74,63,15,45,55,16,86,46,10,7,96,8,64,65,75,35,25,26,76,2,77,36,58,66,78,59,27,79,72,97,67,98,68,37,87,18,38,39,69,9,28,29,47,88,89,99,48,49,19",1466
1,66,"90,9,60,50,30,2,20,40,43,13,12,14,80,91,1,10,63,51,22,21,70,92,52,32,41,61,72,82,53,3,73,23,33,81,34,93,71,54,4,5,83,84,94,55,24,95,56,42,74,11,75,25,31,64,62,36,44,65,15,35,66,67,76,85,26,45,96,16,6,57,46,7,47,97,48,37,77,78,86,17,98,49,27,87,58,38,59,28,18,8,29,19,88,89,68,79,39,99,69,0",1468
1,67,"50,41,30,80,90,0,20,70,40,60,12,91,61,71,2,72,42,74,82,62,11,92,52,31,10,83,32,64,21,3,73,84,53,44,75,93,35,54,81,95,43,23,63,24,1,4,5,6,22,13,85,51,34,15,45,55,14,16,86,46,56,7,36,78,96,65,76,17,25,26,27,47,48,94,67,33,77,57,58,66,59,79,97,37,38,87,49,88,98,68,69,8,18,9,28,19,99,89,29,39",1482
1,68,"80,20,50,60,51,70,90,30,40,81,21,41,10,82,31,91,0,11,61,1,32,42,43,92,93,71,22,72,23,52,33,62,94,73,74,12,83,63,84,2,44,45,53,54,55,13,14,3,24,4,46,15,34,5,64,16,25,35,75,36,47,65,48,76,77,66,95,6,78,7,67,17,85,96,86,56,87,68,37,57,26,49,97,98,38,99,88,79,69,39,27,58,8,9,28,29,59,89,18,19",1486
1,69,"60,50,0,90,12,30,20,80,40,2,52,71,61,48,3,41,82,11,32,70,42,92,73,10,72,62,31,23,6,4,53,24,21,54,5,93,74,13,85,55,84,43,95,1,83,81,63,86,64,44,45,35,75,65,14,56,76,33,25,94,66,77,8,22,15,34,51,46,26,16,57,96,36,58,7,78,59,27,79,17,97,67,98,68,37,87,18,38,39,69,9,28,29,47,88,89,99,91,49,19",1491
1,70,"0,39,91,50,30,1,10,40,41,11,15,42,12,60,61,20,74,53,88,21,23,70,37,71,43,52,81,85,62,72,95,51,13,63,82,22,14,93,24,54,55,45,83,94,92,73,2,84,32,33,3,16,36,67,75,5,47,44,89,56,19,96,57,64,6,90,35,25,46,65,8,77,34,58,7,78,59,27,86,76,98,49,80,99,97,38,66,28,18,17,29,48,31,26,68,79,4,87,69,9",1494
1,71,"73,50,0,90,70,30,56,53,40,81,1,71,61,91,2,10,11,87,82,21,43,54,52,32,41,12,72,59,80,3,49,23,33,13,34,36,8,92,4,5,83,84,94,24,62,39,95,6,88,44,85,74,63,98,45,55,16,86,46,20,7,96,42,64,65,75,35,25,26,76,57,77,37,58,66,78,22,27,79,17,97,67,15,68,93,51,18,38,14,69,9,28,29,47,31,89,99,48,60,19",1507
1,72,"38,80,18,91,0,50,27,70,10,40,71,20,11,81,41,42,31,51,61,1,82,72,21,12,22,92,23,93,52,94,2,73,24,83,53,13,46,43,62,74,76,33,54,14,4,95,55,34,84,44,63,15,85,96,45,37,5,3,64,75,65,56,35,6,32,28,66,57,17,77,7,67,25,8,26,78,36,89,47,79,58,68,60,59,87,69,48,88,97,86,90,16,30,19,98,39,9,49,99,29",1512
1,73,"60,50,5,90,70,30,20,44,29,81,49,71,61,91,2,96,11,51,19,21,31,92,52,32,41,12,72,22,53,82,73,23,33,13,34,93,42,54,4,0,83,84,46,24,62,14,95,6,43,80,85,74,63,15,45,1,16,3,94,56,7,10,40,64,65,75,35,25,26,76,57,77,36,58,66,78,59,27,79,17,97,67,98,68,37,87,18,38,39,69,9,28,8,47,88,89,99,48,55,86",1526
1,74,"30,22,91,50,87,1,20,52,41,11,2,32,70,36,12,10,72,51,31,99,76,0,88,42,43,40,13,82,53,3,73,23,33,81,8,93,71,37,4,5,83,84,94,24,62,14,27,6,80,39,21,74,26,15,45,55,16,89,46,77,7,96,34,64,65,75,35,25,68,66,57,56,60,58,44,78,59,95,79,17,97,67,98,63,54,92,18,85,90,69,9,28,29,47,61,86,38,48,49,19",1527
1,75,"60,50,0,90,15,67,20,80,40,81,1,71,61,16,2,10,11,51,95,21,31,63,52,32,82,12,72,22,53,3,73,23,33,13,34,29,42,54,4,5,48,84,94,24,62,14,17,49,43,44,85,74,47,70,45,55,59,86,46,56,91,96,8,64,65,78,35,25,26,76,93,77,36,58,66,75,7,27,79,41,97,30,98,68,37,87,18,38,39,69,9,28,57,92,88,89,99,83,6,19",1530
1,76,"20,10,0,40,41,60,1,90,50,21,80,51,42,91,22,61,11,52,43,81,2,53,70,12,82,30,83,31,71,23,62,13,92,63,3,64,32,33,14,72,73,93,24,54,84,44,94,4,74,45,34,85,55,75,46,6,47,5,25,76,56,95,15,77,26,35,86,65,66,78,79,16,48,7,17,36,57,58,59,8,49,96,87,97,88,37,67,68,27,69,18,19,98,28,89,38,99,39,29,9",1541
1,77,"60,40,49,20,90,30,94,92,13,50,26,80,31,99,70,12,21,22,52,71,1,2,23,61,91,15,32,33,53,72,73,62,0,14,63,96,77,10,74,66,75,44,83,81,93,3,4,24,84,41,34,16,35,54,85,65,55,64,46,95,43,36,17,48,86,25,76,67,79,47,87,5,78,6,97,82,88,56,11,57,98,27,37,38,51,45,28,42,29,89,58,59,18,7,68,39,69,8,19,9",1541
1,78,"50,40,10,70,90,60,80,11,71,61,12,41,37,62,81,0,1,42,43,21,28,82,51,63,22,91,52,31,83,2,53,3,23,72,84,32,33,44,92,4,45,73,85,86,74,34,54,64,5,35,65,14,93,24,55,25,75,76,13,94,15,36,46,78,96,26,47,77,56,57,16,17,48,66,6,58,97,98,87,27,20,18,30,88,49,59,95,89,67,7,68,38,8,29,99,69,19,39,9,79",1550
1,79,"40,90,10,70,60,80,20,50,11,21,81,0,13,1,61,51,30,71,91,31,3,2,52,32,23,84,83,22,53,41,92,62,33,14,42,73,43,4,93,5,44,94,54,24,15,12,74,6,34,56,64,95,63,25,45,55,16,86,46,26,7,96,36,85,65,47,82,72,75,76,57,77,8,67,58,68,27,48,69,87,88,97,28,37,66,59,35,78,79,38,17,18,9,49,39,89,29,98,99,19",1551
1,80,"60,54,0,90,70,26,20,80,95,81,1,71,61,91,2,10,11,51,82,84,31,92,52,32,41,12,72,22,53,3,48,65,33,13,34,93,66,50,4,5,46,21,94,15,62,36,40,6,43,44,85,74,63,68,45,28,16,86,83,56,7,96,8,55,37,75,35,25,88,76,57,77,14,58,42,78,59,27,79,17,97,67,98,24,23,87,18,38,39,69,9,64,29,47,30,89,99,73,49,19",1566
1,81,"51,50,0,90,70,34,20,91,40,28,1,71,61,33,2,43,22,79,82,21,31,46,67,32,41,12,72,11,53,37,64,65,80,13,86,93,42,54,4,5,48,84,94,85,62,14,95,6,10,44,24,74,63,15,45,55,16,30,92,56,7,96,8,59,23,75,35,19,26,76,57,77,36,58,66,78,73,27,98,17,97,52,99,68,3,87,18,38,39,69,9,81,29,47,88,89,60,83,49,25",1570
1,82,"20,0,80,70,1,71,60,40,31,90,41,50,91,42,43,21,61,2,22,62,10,11,23,63,51,12,13,14,81,32,72,73,82,33,44,52,45,74,53,83,92,64,75,78,93,54,3,4,55,94,67,66,5,15,95,24,46,25,69,77,34,16,65,76,47,56,7,79,98,57,85,68,36,37,86,8,6,87,88,26,58,29,38,27,9,17,49,48,59,96,84,99,39,97,30,89,19,18,35,28",1571
1,83,"60,50,0,90,70,30,20,59,68,81,43,71,61,91,2,10,11,51,22,21,31,33,52,72,12,3,32,82,73,4,62,13,34,42,92,23,1,5,76,94,54,93,95,6,45,63,8,44,64,55,46,41,25,24,75,74,56,86,85,16,7,96,14,84,65,53,35,83,26,15,57,9,36,58,66,78,80,27,79,17,97,67,98,40,37,87,18,38,39,69,77,28,29,47,88,89,99,48,49,19",1573
1,84,"0,60,80,30,50,20,40,81,1,90,70,82,10,51,11,52,61,91,2,71,12,41,42,13,62,21,22,23,14,53,31,32,43,33,63,64,3,65,92,44,34,83,93,72,73,4,24,45,84,15,16,54,25,35,85,46,26,86,94,95,29,5,74,55,56,36,6,66,7,8,67,68,87,37,27,69,28,97,75,98,47,88,76,57,89,77,17,18,38,96,39,99,58,9,78,59,79,48,49,19",1578
1,85,"8,70,54,10,0,1,42,91,80,71,92,96,15,51,31,14,40,6,61,72,97,81,11,95,82,73,12,21,50,3,58,23,33,63,18,45,30,2,60,43,22,64,94,24,4,84,62,44,5,65,93,83,13,74,46,78,55,75,53,52,35,36,76,16,41,85,86,56,37,67,17,19,87,77,20,47,66,26,98,79,38,27,99,57,88,32,34,48,28,7,29,49,59,68,69,39,89,90,25,9",1579
1,86,"60,50,0,90,70,30,61,80,40,81,1,71,53,36,2,10,11,88,82,21,31,92,52,32,45,35,72,22,63,3,73,43,33,13,34,93,42,54,4,5,83,12,94,24,8,14,95,6,23,44,85,74,56,15,19,55,16,86,46,99,7,96,62,64,65,51,84,25,26,76,57,77,75,58,66,78,59,27,79,17,97,67,98,68,37,87,18,38,39,69,9,28,29,47,91,89,41,48,49,20",1588
1,87,"0,1,30,40,20,10,90,50,21,22,11,80,41,72,44,70,16,63,60,81,32,86,31,71,12,92,2,51,3,82,64,23,33,13,34,93,42,52,54,73,83,84,94,77,62,75,53,6,85,65,43,25,5,15,45,55,26,61,46,56,66,96,8,76,95,67,91,74,7,14,57,27,24,17,4,97,48,35,37,68,47,49,98,58,59,36,78,69,28,38,79,29,87,9,99,39,88,89,18,19",1616
1,88,"60,50,0,90,70,30,20,80,81,1,71,61,91,2,10,11,40,51,52,21,22,53,32,33,3,13,41,31,73,23,5,83,4,84,54,93,92,12,6,34,62,14,43,24,44,94,95,7,85,42,15,16,74,63,56,45,64,46,86,96,25,65,77,55,8,72,36,26,47,48,37,35,82,66,67,78,59,27,79,17,97,58,98,18,68,57,87,38,39,69,9,28,29,75,88,89,99,76,49,19",1638
1,89,"60,24,0,90,70,30,20,80,40,81,1,71,61,91,2,79,69,51,18,96,44,92,86,32,41,12,93,21,53,3,73,23,29,13,34,17,42,54,85,25,83,84,37,8,62,14,95,46,66,31,64,74,63,56,75,55,5,52,50,15,77,35,76,4,26,45,67,11,6,57,65,59,47,97,48,27,43,94,10,72,58,22,98,68,78,87,82,38,39,16,9,28,33,36,88,89,99,7,49,19",1660
1,90,"60,98,0,90,70,30,10,80,84,81,1,71,9,74,2,6,11,51,82,21,93,92,67,18,41,94,72,22,49,3,73,23,33,13,34,76,42,54,4,5,83,40,65,24,62,14,95,19,68,44,85,91,63,15,45,55,16,86,46,56,7,96,8,64,69,75,35,25,26,28,53,77,36,58,66,78,59,27,79,17,97,52,50,43,37,87,32,38,39,12,61,31,29,47,88,89,99,48,57,20",1683
1,91,"20,19,70,18,44,71,0,30,50,2,1,40,81,60,31,75,82,22,61,51,11,72,89,14,53,73,92,41,42,12,23,83,3,13,62,43,74,93,94,54,66,32,24,84,63,64,33,80,34,21,45,46,96,35,47,48,36,65,76,16,91,67,77,95,4,56,17,5,78,6,7,8,15,68,37,55,57,26,86,87,58,27,88,85,49,38,9,39,28,29,79,52,59,97,98,99,69,90,25,10",1684
1,92,"18,50,0,53,70,30,20,62,40,81,1,71,61,91,2,10,5,51,82,21,31,92,52,94,56,12,72,22,19,3,73,23,33,13,95,93,66,6,4,80,83,84,32,44,85,14,24,43,63,74,11,34,54,15,55,16,45,69,65,86,35,8,46,25,75,96,36,7,26,89,97,78,42,87,47,98,27,48,57,67,60,9,58,64,88,39,38,37,68,76,17,28,29,41,79,77,99,59,49,90",1700
1,93,"70,90,71,0,60,10,80,50,30,20,91,1,40,2,51,21,31,11,32,82,52,81,62,13,61,12,72,22,45,3,73,42,33,43,34,64,23,63,41,55,25,84,14,95,75,54,5,6,93,74,85,4,83,15,53,24,16,56,46,96,26,94,92,44,86,99,36,37,65,66,67,27,47,97,7,98,48,68,87,69,28,8,88,89,76,77,78,17,18,19,57,58,49,38,39,29,79,59,35,9",1702
1,94,"86,50,0,90,70,30,20,80,40,3,1,71,61,91,2,10,11,51,67,21,97,93,52,32,41,12,49,22,87,81,73,23,39,13,34,92,42,54,4,5,89,84,94,24,62,14,95,6,43,44,85,74,36,15,45,55,16,60,46,27,48,96,8,64,66,75,35,25,26,76,99,77,63,58,65,78,59,56,79,17,31,53,28,68,37,82,18,38,33,98,9,69,29,47,88,83,57,7,72,19",1721
1,95,"0,90,91,44,30,1,43,40,24,67,68,42,12,60,11,20,36,81,31,21,65,70,80,53,10,52,75,92,62,72,73,71,74,63,82,23,14,93,64,54,55,51,83,94,26,95,56,84,32,66,3,25,34,35,4,5,89,50,7,15,17,37,76,85,27,45,96,16,6,57,46,22,47,97,48,61,77,78,86,33,98,49,41,87,58,38,59,28,18,8,29,19,88,13,2,79,39,99,69,9",1724
1,96,"0,62,10,70,40,41,42,61,71,30,63,50,1,52,43,11,73,12,80,44,26,33,60,90,45,82,31,20,51,3,83,32,13,92,91,2,94,84,23,72,93,21,4,24,85,14,34,54,81,53,5,95,6,15,46,55,74,56,7,8,86,17,16,64,25,65,99,29,35,36,67,68,78,69,87,75,47,48,88,27,28,89,97,76,98,96,57,18,77,38,37,79,39,49,9,22,66,19,58,59",1726
1,97,"60,91,13,10,90,30,12,80,51,81,21,29,11,25,2,50,0,40,23,1,61,92,82,32,41,20,4,5,53,31,73,55,70,9,63,42,64,43,74,8,75,44,83,45,16,3,72,24,84,15,34,93,35,54,85,56,76,77,46,71,94,36,17,66,86,22,95,67,96,47,87,33,78,6,97,48,88,62,26,57,98,27,37,38,99,49,28,79,65,89,58,59,18,7,68,39,69,52,19,14",1731
1,98,"91,50,60,90,52,2,10,41,43,13,12,71,57,0,70,18,29,51,22,89,82,92,55,32,80,61,11,30,62,72,73,39,74,63,31,23,14,93,64,54,1,75,83,94,88,95,56,84,47,33,3,25,34,69,4,5,36,44,65,15,66,67,76,85,26,45,96,16,6,40,46,7,42,97,48,37,38,78,86,8,98,49,27,87,58,77,59,28,20,17,81,19,24,21,68,79,53,99,35,9",1758
1,99,"60,82,80,90,70,81,10,71,91,20,61,68,32,51,92,12,21,22,52,0,11,2,23,72,13,50,31,40,88,3,73,30,33,37,39,93,42,54,4,5,83,84,94,24,98,56,95,6,43,44,99,74,58,15,49,55,16,87,46,62,7,96,57,64,65,75,29,25,26,76,8,77,36,63,66,78,59,14,79,17,97,67,89,1,35,86,18,38,34,69,9,28,41,47,53,27,85,48,45,19",1818
1,100,"60,50,0,37,70,30,34,80,40,81,38,71,61,91,2,10,11,51,82,21,97,92,47,14,16,12,72,22,23,6,73,53,33,13,43,93,42,79,41,64,83,74,94,24,62,76,68,46,84,85,45,31,99,32,55,56,4,8,44,52,75,67,66,3,5,25,20,77,18,36,57,7,63,58,86,78,59,27,54,17,95,96,98,15,90,87,65,1,39,69,9,28,29,26,88,89,35,48,49,19",1838
2,101,"60,50,0,90,70,30,20,80,40,81,1,71,61,91,2,10,11,51,82,21,31,92,52,32,41,12,72,22,53,3,73,23,33,13,34,93,42,54,4,5,83,84,94,24,62,14,44,95,6,43,85,74,63,15,45,55,16,86,46,56,7,96,8,64,65,75,35,25,26,76,57,77,36,58,66,78,59,27,79,97,17,67,98,68,37,87,18,38,39,69,9,28,29,47,88,89,99,48,49,19",1144
2,102,"60,50,0,90,70,30,20,80,40,81,1,71,61,91,2,10,11,51,82,21,31,92,32,52,41,12,72,22,53,3,73,23,33,13,34,93,42,54,24,4,5,83,84,94,62,14,95,6,43,44,85,74,63,15,45,55,16,86,46,56,7,96,8,64,65,75,35,25,26,76,57,77,36,58,66,78,59,27,79,97,17,67,98,68,37,87,18,38,39,69,9,28,29,47,88,89,99,48,49,19",1144
2,103,"50,0,60,2,90,70,30,20,80,40,81,1,71,61,91,10,11,51,82,21,31,92,52,32,41,12,72,53,3,22,34,73,23,33,13,62,93,42,54,4,5,83,84,94,24,14,95,6,43,44,85,74,63,55,15,45,16,86,46,56,7,96,8,64,65,75,35,25,26,76,57,77,36,58,66,78,59,97,27,79,17,67,98,68,37,87,18,38,39,69,9,28,29,47,88,89,99,48,49,19",1144
2,104,"60,50,90,70,30,20,40,81,1,71,61,91,2,10,11,51,82,0,21,80,31,92,52,32,41,12,72,22,53,3,73,23,33,13,34,93,42,54,4,5,83,84,94,24,62,14,95,6,43,44,85,74,63,15,45,55,16,86,46,56,7,96,8,64,65,75,35,25,26,76,57,77,36,58,66,78,59,27,79,97,17,67,98,68,37,87,18,38,39,69,9,28,29,47,88,89,99,48,49,19",1144
2,105,"60,50,0,90,70,30,20,80,40,81,1,71,61,91,2,10,11,51,82,21,31,92,52,32,41,12,72,22,53,3,73,23,33,13,34,42,54,4,5,83,84,94,24,62,14,95,93,6,43,44,85,74,63,15,45,55,16,86,46,56,7,96,8,64,75,65,35,25,26,76,57,77,36,58,66,78,59,27,79,97,17,67,98,68,37,87,38,18,39,69,9,28,29,47,88,89,99,48,49,19",1144
2,106,"60,50,0,90,70,30,20,80,40,81,71,61,91,2,10,11,52,51,82,21,1,31,92,32,41,83,12,72,22,53,3,73,23,33,13,34,93,42,54,4,5,84,94,24,62,14,95,6,43,44,85,74,63,15,45,55,16,86,46,56,7,96,8,64,65,75,35,25,26,76,57,77,36,58,66,59,27,79,97,17,67,98,68,37,87,78,18,38,39,69,9,28,29,47,88,89,99,48,49,19",1144
2,107,"60,50,0,90,70,30,20,80,40,81,1,71,61,91,2,10,11,51,82,21,31,92,52,32,41,12,72,22,53,3,73,23,33,13,34,93,42,54,83,4,5,84,94,24,62,14,95,6,43,44,85,74,63,15,45,55,16,86,46,56,7,96,8,64,65,75,35,25,26,76,57,77,36,58,66,78,59,27,79,97,17,67,98,68,37,87,18,38,39,69,9,28,29,47,88,89,99,48,49,19",1144
2,108,"60,50,0,90,70,30,20,80,40,81,1,71,61,91,2,10,11,82,51,21,31,92,52,32,41,12,72,22,53,3,73,23,33,13,34,93,42,54,4,5,83,84,94,24,62,14,95,6,43,44,85,74,63,15,45,55,16,86,46,56,7,96,8,64,65,75,35,25,26,76,57,77,36,58,66,78,98,59,27,79,97,17,67,68,37,87,18,38,39,69,9,28,29,47,88,89,99,48,49,19",1144
2,109,"60,50,0,90,70,30,20,80,40,81,1,71,61,91,2,10,11,51,82,21,31,92,52,32,41,12,72,22,53,3,73,23,33,13,34,93,42,54,4,5,83,84,94,24,62,14,95,6,43,44,85,74,63,15,45,55,16,86,46,56,7,96,8,64,65,75,35,25,26,76,57,77,58,66,36,78,59,27,79,97,17,67,98,68,37,87,18,38,39,69,9,28,29,47,88,89,99,48,49,19",1144
2,110,"60,50,0,90,70,20,80,40,81,30,1,71,61,91,2,10,11,51,82,21,31,92,52,32,41,12,72,22,53,3,73,23,33,13,34,93,42,54,4,5,83,84,94,24,62,14,95,6,43,44,85,74,63,15,45,55,16,86,46,56,7,96,8,64,65,75,35,25,26,76,57,36,67,58,66,78,59,77,27,79,97,37,17,98,68,87,18,48,38,39,69,9,28,29,47,88,89,99,49,19",1144
2,111,"60,50,0,90,70,30,20,80,40,81,1,71,61,91,2,10,11,83,82,21,31,92,52,32,41,12,72,22,53,3,73,23,33,62,34,93,42,54,4,5,51,84,94,24,15,14,95,6,43,44,85,74,63,13,45,55,16,86,46,56,7,96,8,64,65,75,35,25,26,76,57,77,36,58,66,78,59,27,79,97,17,67,98,68,37,87,18,38,39,69,9,28,29,47,88,89,99,48,49,19",1144
2,112,"60,50,0,90,70,30,20,80,40,1,71,61,91,2,10,11,51,82,21,81,31,92,52,32,41,12,72,22,53,3,73,23,33,13,34,93,42,54,4,5,83,84,94,24,62,14,95,6,43,44,85,74,63,15,45,55,16,86,46,56,7,96,8,64,65,75,35,25,26,76,57,77,36,58,66,78,59,27,79,17,97,67,98,68,37,87,18,38,39,69,9,28,29,47,88,89,99,48,49,19",1144
2,113,"60,50,0,90,70,30,20,80,40,81,1,71,61,91,2,10,11,51,82,21,31,92,52,32,41,12,72,22,53,3,73,23,33,13,34,93,42,54,4,5,83,84,94,24,62,14,95,6,43,44,85,74,63,15,45,55,16,86,46,56,7,96,8,64,65,75,35,25,26,76,57,77,36,58,66,78,59,27,79,97,17,67,98,68,37,87,18,38,39,69,9,28,29,47,88,89,99,48,49,19",1144
2,114,"60,50,0,90,70,30,20,80,40,81,1,71,61,91,2,10,11,51,82,21,31,92,52,32,41,12,72,22,53,3,73,23,33,13,34,93,42,4,5,83,84,94,24,62,14,95,6,43,44,85,54,74,63,15,45,55,16,86,46,56,7,96,8,64,65,75,35,25,26,76,57,77,36,58,66,78,59,27,79,97,17,67,98,68,37,87,18,38,39,69,9,28,29,47,89,99,48,49,88,19",1157
2,115,"60,50,0,90,70,30,20,80,40,81,1,71,61,91,2,10,11,51,82,21,31,92,52,32,41,12,72,22,53,3,73,23,33,13,34,93,42,54,4,5,83,84,94,24,62,14,95,6,43,44,85,74,63,15,45,55,16,86,56,36,7,96,8,64,46,65,75,35,25,26,76,57,77,58,66,78,59,27,79,97,17,67,98,68,37,87,18,38,39,69,9,28,29,47,88,89,99,48,49,19",1199
2,116,"60,50,0,90,70,30,20,80,40,81,71,61,91,2,10,11,51,21,82,1,31,92,52,32,41,12,72,22,53,3,73,23,33,13,34,93,42,54,4,5,83,84,94,24,62,14,95,6,43,44,85,74,63,15,45,55,16,86,35,46,56,7,96,8,65,75,25,64,26,76,57,77,36,58,66,78,59,79,27,97,17,67,98,68,37,87,18,38,39,69,9,28,29,47,88,89,99,48,49,19",1199
2,117,"60,20,50,90,70,30,80,40,81,1,71,61,91,2,10,11,51,82,21,31,92,52,32,41,12,72,22,53,3,73,23,33,13,34,93,42,54,4,5,83,84,94,24,62,14,95,63,6,43,44,85,74,15,45,55,16,86,46,56,7,96,8,64,65,75,35,25,26,76,57,77,36,58,66,59,78,27,79,97,17,67,98,68,37,87,18,38,39,69,9,28,29,47,88,89,0,99,48,49,19",1203
2,118,"60,50,0,80,90,70,30,20,40,71,61,91,2,10,11,51,82,21,1,81,31,92,52,32,41,12,72,22,53,3,73,23,33,13,34,93,42,54,4,5,83,84,94,24,62,14,95,6,43,44,85,74,63,15,45,55,16,86,46,56,7,8,64,65,75,35,25,96,26,76,66,57,77,36,58,78,59,27,79,97,67,17,98,68,37,18,87,38,39,69,9,28,29,47,88,89,99,48,49,19",1207
2,119,"60,50,0,90,70,30,20,80,40,81,1,71,61,91,2,10,11,51,82,92,21,31,52,32,41,12,72,22,53,3,73,23,33,13,34,93,42,54,4,5,83,84,94,24,62,14,95,6,43,44,96,85,74,63,15,45,55,16,86,46,56,7,8,64,65,75,35,25,26,76,77,68,57,36,58,66,78,59,27,79,97,17,67,98,37,87,18,38,39,69,9,28,29,47,88,89,99,48,49,19",1222
2,120,"60,50,0,90,70,30,20,80,40,81,1,71,61,29,2,10,11,85,82,21,31,92,52,32,41,12,72,22,53,3,73,23,33,13,34,93,42,54,4,5,83,84,94,24,62,14,95,6,43,44,38,74,63,15,45,55,16,86,46,56,7,96,8,64,65,75,35,25,26,76,57,77,36,58,66,78,59,27,79,97,48,67,98,68,37,87,18,51,39,69,9,28,91,47,88,89,99,17,49,19",1231
2,121,"43,70,28,10,6,90,7,91,40,77,80,41,31,42,50,61,81,69,32,51,9,72,52,1,57,75,15,73,74,24,58,21,2,92,45,3,23,53,62,37,94,17,63,64,55,4,34,27,60,66,84,44,12,85,5,22,16,14,86,20,96,95,79,67,65,36,56,76,35,25,13,48,33,71,97,0,8,78,26,68,38,46,30,39,11,54,93,82,59,29,98,87,47,83,49,88,99,89,18,19",1244
2,122,"60,36,0,90,70,30,20,80,40,81,1,71,10,91,83,11,61,82,51,21,31,92,52,23,41,12,72,22,53,3,73,32,33,13,34,93,42,54,4,5,2,84,94,24,62,14,95,6,43,44,85,74,63,15,45,55,67,86,46,56,7,96,8,64,65,75,35,25,26,76,57,77,50,58,66,78,59,27,79,97,17,16,98,68,37,87,18,38,39,69,9,28,29,47,88,89,99,48,49,19",1244
2,123,"60,50,0,90,40,70,30,20,80,81,1,71,86,35,2,10,11,51,82,21,31,92,52,32,41,12,72,22,53,3,73,23,33,13,34,93,54,42,7,63,83,84,94,36,62,64,65,6,43,44,85,25,5,15,45,55,26,61,46,56,16,96,8,76,95,67,77,74,66,14,57,27,87,78,4,97,79,91,37,68,47,49,98,17,48,24,18,38,39,69,9,28,29,58,88,89,99,59,75,19",1261
2,124,"40,0,30,80,41,10,20,42,43,90,60,31,70,71,50,21,91,11,62,61,1,63,12,51,14,72,2,13,52,81,32,22,92,73,93,33,54,82,44,94,95,74,23,75,3,83,45,53,34,84,55,56,64,4,5,85,24,15,16,6,35,65,76,25,36,66,26,67,27,37,96,77,97,17,28,57,86,58,46,7,59,78,47,79,8,87,88,68,98,69,18,38,29,48,19,39,49,89,99,9",1261
2,125,"60,50,0,20,90,70,30,80,40,81,1,71,61,91,2,10,11,51,82,21,31,92,52,32,41,12,72,54,22,53,42,3,73,23,33,13,34,93,4,5,83,84,94,24,62,14,95,6,44,43,85,74,63,15,45,55,16,86,46,56,7,96,8,64,65,75,35,25,26,76,57,77,79,58,66,78,59,27,36,17,97,67,98,37,68,87,18,38,39,69,9,28,47,29,88,89,99,48,49,19",1268
2,126,"60,50,0,19,90,70,30,80,40,81,20,1,71,61,91,10,2,11,51,82,21,31,92,52,32,41,12,72,22,53,3,73,23,33,13,34,93,42,54,4,5,83,84,94,24,62,14,95,6,43,44,85,74,63,15,45,55,16,86,46,56,7,96,8,64,65,75,35,25,26,76,57,77,36,58,66,78,98,59,27,79,97,17,67,68,37,87,18,38,39,9,28,29,69,47,88,89,99,48,49",1274
2,127,"60,40,21,41,20,90,30,10,0,91,50,11,80,31,23,51,70,12,94,52,71,1,2,61,13,81,32,33,53,63,73,92,62,14,72,42,66,43,74,82,75,44,83,85,93,3,4,24,84,54,34,76,35,15,45,55,16,86,46,56,7,96,8,64,77,25,95,67,36,47,87,5,78,6,97,48,88,65,26,57,98,18,37,38,99,49,28,79,29,89,58,59,27,22,68,39,69,17,19,9",1283
2,128,"60,54,0,7,70,26,20,80,95,81,1,71,61,91,2,10,11,51,83,84,31,77,76,32,41,12,72,9,53,3,17,65,33,13,34,93,66,50,4,5,46,14,94,15,62,36,40,6,56,44,85,74,63,37,45,28,16,86,99,43,90,96,8,55,68,75,35,25,88,52,57,92,21,58,47,78,59,27,79,48,97,67,98,24,23,87,18,38,39,69,22,64,29,42,30,89,82,73,49,19",1284
2,129,"60,50,0,90,70,30,20,80,40,81,1,71,61,91,2,10,11,51,82,21,31,92,52,32,41,12,57,22,53,3,73,23,33,13,34,93,42,54,4,5,83,84,94,24,62,14,95,6,43,44,85,74,63,15,45,55,16,86,46,56,7,96,8,64,65,75,35,25,26,76,87,77,36,58,66,78,59,27,79,97,17,67,98,68,37,72,18,38,39,69,9,28,29,47,88,89,99,48,49,19",1290
2,130,"60,50,0,90,70,30,20,80,40,1,71,61,91,2,10,11,51,82,21,31,92,52,32,41,81,12,72,22,53,3,73,33,13,34,93,23,42,54,4,5,83,84,94,24,62,14,95,6,43,85,74,63,15,45,16,55,86,46,56,7,44,96,35,8,64,65,75,25,26,76,57,77,36,58,66,78,59,27,79,17,97,67,98,68,87,37,18,88,38,39,69,9,28,29,47,89,99,48,49,19",1294
2,131,"60,50,0,90,71,30,20,80,40,81,1,70,61,91,2,77,11,67,82,21,31,92,52,32,6,12,51,22,53,3,73,23,33,88,34,93,42,54,4,5,83,84,94,24,62,14,95,41,43,44,85,74,63,15,45,55,16,86,46,56,7,96,8,9,65,75,35,25,26,76,57,10,36,58,66,78,59,27,79,97,17,72,98,68,37,87,64,38,39,69,18,28,29,47,13,89,99,48,49,19",1328
2,132,"18,50,0,90,74,30,20,80,87,4,1,71,61,24,27,10,15,51,45,21,31,92,52,42,41,84,72,22,53,60,73,23,33,13,34,93,32,54,47,5,35,75,94,91,62,14,95,6,43,44,85,70,63,11,82,55,16,86,46,56,7,96,8,64,65,12,83,38,26,76,57,77,36,58,78,59,97,2,79,66,17,67,98,68,37,40,3,25,39,69,9,28,29,81,88,89,99,48,49,19",1332
2,133,"60,50,0,20,90,70,30,80,40,81,1,71,61,91,2,11,51,67,21,31,10,92,52,32,41,12,72,22,53,44,3,73,23,33,13,34,42,54,4,5,93,83,84,94,24,62,14,95,6,43,85,74,63,79,45,55,16,86,46,56,7,96,8,64,65,75,35,25,26,76,29,77,36,58,66,78,59,27,15,17,97,82,98,68,37,87,18,38,39,69,9,28,47,57,88,89,99,48,49,19",1347
2,134,"60,50,0,70,90,30,20,80,43,81,1,71,61,91,2,10,11,22,82,21,39,92,52,32,41,12,72,51,53,3,73,23,33,13,83,93,42,54,38,5,34,48,94,24,29,14,19,6,40,75,85,74,63,15,45,55,16,86,46,56,7,96,69,65,44,35,57,89,26,8,76,77,36,58,66,78,59,27,79,17,97,67,98,68,37,87,18,4,31,64,9,28,62,47,88,25,99,84,49,95",1351
2,135,"60,50,75,90,70,30,65,80,40,81,1,71,29,91,74,10,11,51,82,21,77,92,52,32,41,28,72,22,53,3,73,23,33,13,34,57,42,54,4,5,83,84,94,24,62,14,95,6,43,15,85,2,63,44,45,55,67,68,46,56,7,96,8,64,20,16,35,25,26,76,93,31,36,58,66,78,59,27,79,97,17,0,98,86,37,87,18,38,39,69,9,12,61,47,88,89,99,48,49,19",1353
2,136,"60,50,0,91,90,70,30,20,80,40,81,1,71,61,2,10,11,51,82,21,31,92,52,32,41,12,72,22,53,3,73,23,33,13,34,93,54,4,5,14,83,84,94,24,62,95,6,43,44,42,85,74,63,15,45,55,16,86,46,56,7,96,8,64,65,75,35,25,26,76,57,77,58,66,78,59,27,36,79,39,97,17,67,98,68,37,87,18,38,69,9,28,29,47,88,89,99,48,49,19",1358
2,137,"60,46,0,90,75,30,89,8,80,40,34,1,24,71,61,91,2,11,51,44,6,31,92,52,32,41,12,72,23,53,63,73,83,87,15,54,42,7,62,93,5,82,14,10,13,95,64,4,35,43,22,85,74,33,94,45,55,16,86,26,3,96,20,21,66,65,70,25,56,76,57,77,36,50,58,84,78,59,27,79,17,97,67,98,68,37,81,18,38,39,69,9,28,29,47,88,99,48,49,19",1374
2,138,"9,60,41,20,90,30,10,0,91,40,50,11,80,31,51,70,12,21,94,52,71,1,2,23,61,13,81,77,33,53,63,73,62,92,14,72,42,95,43,74,82,56,44,83,85,93,86,4,24,84,54,34,76,8,15,45,37,5,3,64,96,87,75,46,88,6,47,78,66,16,97,65,57,48,35,26,28,17,89,32,79,58,68,55,38,99,49,25,67,29,7,98,27,59,22,18,39,69,36,19",1374
2,139,"7,30,70,11,71,43,0,3,40,1,41,93,50,42,2,61,10,51,24,22,60,20,36,31,82,63,52,73,90,85,13,80,32,34,92,94,84,23,33,21,83,44,81,72,53,14,54,6,45,91,15,95,74,86,96,4,46,64,65,12,35,8,16,25,75,55,62,56,26,5,37,76,66,87,47,77,27,48,88,67,38,9,68,78,79,39,97,98,69,99,57,28,29,58,17,49,18,59,89,19",1377
2,140,"17,50,0,90,75,30,85,5,40,81,1,71,61,91,37,10,62,51,82,21,31,92,52,94,41,64,72,22,19,3,73,23,79,13,24,93,7,54,4,80,83,84,32,34,20,60,44,43,63,74,11,95,35,15,45,16,55,56,96,69,12,46,65,68,33,8,36,6,26,53,70,78,66,77,47,25,27,48,97,67,14,9,87,98,88,39,18,38,58,86,57,28,29,42,2,76,99,59,49,89",1386
2,141,"60,50,0,90,70,30,20,80,40,8,9,71,61,91,2,10,11,5,82,21,31,92,52,32,41,12,15,22,53,3,73,23,33,13,34,46,55,54,93,51,83,84,94,24,62,14,95,6,43,44,85,74,63,72,45,42,16,86,4,35,7,96,81,36,65,98,56,1,26,76,57,77,64,58,66,78,59,27,79,97,17,67,75,68,37,87,18,38,39,69,25,28,29,47,88,89,99,48,49,19",1386
2,142,"60,50,0,55,70,30,20,80,40,81,96,71,61,91,2,8,11,51,82,21,31,87,52,32,41,12,72,95,89,3,27,23,33,13,34,93,42,54,4,43,83,63,94,67,62,14,22,6,5,44,85,74,84,15,45,90,16,86,46,56,7,25,79,64,65,75,35,1,26,76,57,77,36,58,66,78,59,73,10,97,17,24,98,68,37,92,18,38,39,69,9,28,29,47,88,53,99,48,49,19",1386
2,143,"60,50,0,90,91,70,22,20,41,8,81,83,71,12,2,10,72,51,82,21,34,92,55,32,80,61,3,30,73,62,85,93,44,63,13,54,16,5,45,52,94,6,24,1,88,95,56,46,47,86,4,25,31,42,84,39,33,74,57,69,35,76,48,11,26,64,67,36,77,75,40,65,66,14,97,27,38,37,79,58,17,96,98,68,78,87,18,59,23,15,9,28,29,43,53,89,99,7,49,19",1387
2,144,"29,0,70,92,50,68,90,51,80,38,21,10,81,33,12,61,11,20,82,91,62,1,41,32,72,88,42,2,52,73,60,22,55,71,43,74,37,84,23,83,44,34,25,79,24,96,64,63,75,67,4,46,45,5,94,85,86,3,15,66,76,93,95,16,6,54,13,47,57,58,7,14,26,17,78,35,36,77,97,87,65,48,8,31,53,27,98,69,30,9,59,28,40,18,49,89,19,39,56,99",1387
2,145,"8,50,0,90,69,6,38,67,40,34,1,71,61,91,2,28,72,83,10,21,15,92,52,32,41,12,11,22,53,68,73,23,82,36,81,93,42,54,4,5,51,84,94,30,47,14,95,43,24,44,85,74,33,31,45,55,16,86,46,56,7,96,27,64,65,75,29,25,37,76,70,77,13,58,66,57,35,39,79,17,97,80,98,63,26,87,18,20,49,59,9,3,78,62,88,89,99,48,60,19",1389
2,146,"60,50,0,90,70,30,20,80,40,81,1,71,61,91,2,10,11,51,82,21,31,92,52,32,41,12,72,22,53,3,98,73,23,33,13,93,42,54,4,5,83,84,94,24,62,14,95,6,43,44,85,74,63,15,45,16,86,46,56,55,7,96,27,64,65,75,35,25,26,76,57,77,36,58,97,66,78,59,8,79,34,67,17,68,37,87,18,38,39,69,9,28,29,47,88,89,99,48,49,19",1393
2,147,"78,35,0,90,70,23,20,80,22,81,1,71,61,91,2,10,11,51,82,21,31,92,52,32,41,12,72,40,88,3,73,30,33,37,39,93,42,54,4,5,83,84,94,24,14,27,95,6,43,44,99,74,63,15,49,55,16,87,46,98,7,96,8,64,65,75,29,25,26,76,57,77,36,58,66,60,59,56,79,97,17,67,62,68,13,86,18,38,34,69,9,28,50,47,53,89,85,48,45,19",1393
2,148,"60,57,0,90,70,47,20,95,72,81,1,71,75,91,2,10,11,51,82,85,31,59,52,32,79,36,40,22,53,3,73,23,33,13,34,80,42,8,54,5,83,25,94,24,62,14,93,6,29,78,21,55,63,99,45,92,16,86,46,56,7,96,4,64,65,61,35,18,26,76,50,77,12,58,66,44,74,27,41,97,17,67,98,68,37,87,84,38,39,69,9,28,43,30,88,89,15,48,49,19",1407
2,149,"60,65,61,56,90,70,30,20,57,36,71,3,81,86,82,5,13,50,42,52,62,10,11,22,72,0,33,73,41,2,19,34,94,92,84,63,43,83,24,14,51,66,23,64,37,1,75,95,6,12,54,85,4,32,98,45,47,16,91,46,31,7,96,8,53,21,99,35,25,26,48,80,77,40,58,93,78,59,27,79,17,97,67,15,76,44,87,18,38,39,69,9,28,29,55,88,89,74,68,49",1409
2,150,"60,50,47,90,70,30,20,80,40,66,1,71,15,91,35,10,11,51,82,21,31,92,52,32,41,12,72,22,86,3,73,23,33,16,34,93,42,54,68,5,83,76,94,24,62,14,95,6,43,44,85,74,63,61,9,55,13,53,19,56,7,96,8,64,65,75,2,25,26,84,57,77,36,58,69,78,59,27,79,97,17,67,98,0,37,87,18,38,39,81,45,28,29,4,88,89,99,48,49,46",1410
2,151,"10,30,50,40,20,21,70,62,98,17,71,91,41,31,90,0,63,42,1,15,2,14,76,80,67,45,4,73,33,11,3,13,72,83,12,32,54,64,84,44,53,34,94,74,52,65,55,58,75,92,68,95,6,57,25,23,7,36,5,22,24,16,35,56,60,78,69,66,96,97,86,87,27,46,26,37,51,29,77,8,93,47,38,82,79,43,48,28,85,39,9,81,89,18,61,59,19,49,88,99",1417
2,152,"20,0,80,70,1,71,60,40,31,90,41,50,91,25,43,21,61,2,22,62,10,56,9,5,51,12,13,36,81,32,72,73,82,33,44,52,95,74,53,69,92,64,77,65,93,54,3,4,76,94,29,66,63,68,48,87,16,79,46,15,7,96,8,57,37,75,35,98,38,85,55,11,14,58,42,78,59,26,86,17,97,67,45,28,23,27,18,88,39,83,84,99,6,47,30,89,19,49,34,24",1419
2,153,"60,50,52,90,70,30,20,80,40,81,1,71,61,91,2,45,11,51,82,22,31,92,0,58,41,12,72,74,53,48,73,23,33,13,14,93,65,54,4,5,83,84,36,24,25,34,75,6,63,44,85,21,43,87,10,55,16,86,62,56,99,96,8,64,42,95,35,32,26,76,29,77,94,46,66,78,59,27,79,97,17,67,98,68,37,7,18,38,39,69,9,28,57,47,88,89,15,3,49,19",1420
2,154,"80,90,70,20,1,30,60,7,92,0,71,72,51,52,61,21,22,31,91,98,55,12,58,41,24,10,11,2,64,82,73,63,33,74,34,77,42,54,38,40,65,84,50,94,62,5,6,95,43,44,85,3,23,15,53,79,78,86,46,56,93,96,8,13,83,4,16,25,26,36,57,14,81,66,45,67,97,49,47,27,37,69,87,32,48,35,75,76,17,68,39,99,28,29,59,9,18,19,88,89",1421
2,155,"60,19,50,31,90,70,30,20,80,40,71,3,81,91,82,5,92,61,11,42,52,62,10,22,72,0,33,73,41,2,21,34,94,13,84,63,43,24,14,51,93,23,64,44,83,1,74,95,6,53,54,4,32,15,45,55,16,85,86,46,56,7,96,8,12,65,75,35,25,26,76,57,77,36,58,66,78,59,27,79,17,97,67,98,68,37,87,18,38,39,69,89,9,28,29,47,88,99,48,49",1421
2,156,"60,50,0,12,70,30,20,80,40,81,25,71,61,91,4,69,86,67,78,21,31,92,52,32,41,57,72,22,90,3,98,23,33,13,83,93,42,54,46,5,26,75,94,24,62,14,95,6,43,44,85,34,63,15,58,55,16,7,2,8,11,96,56,64,65,84,35,39,74,76,53,77,89,45,66,82,73,27,79,38,97,51,59,68,37,87,18,17,1,10,9,28,29,47,88,36,99,48,49,19",1423
2,157,"60,50,0,90,70,30,20,80,40,81,1,71,61,91,2,10,11,51,82,21,31,92,52,32,41,12,72,22,53,3,73,23,33,13,34,93,42,54,4,5,83,84,94,24,6,62,14,95,43,44,85,74,63,15,45,55,16,86,46,56,7,96,8,64,65,75,35,25,26,76,57,77,36,58,66,78,59,17,27,79,97,67,98,68,37,87,18,38,39,69,9,28,29,47,88,89,99,48,49,19",1425
2,158,"60,50,0,90,70,30,20,80,40,81,1,71,61,91,86,10,11,16,82,21,31,2,51,32,48,12,72,22,74,3,73,23,33,13,34,93,42,19,4,5,83,84,94,24,62,14,95,6,43,85,53,63,36,45,55,52,92,54,56,7,44,96,8,64,65,75,35,25,26,76,57,77,58,66,78,59,27,15,79,17,97,67,98,68,37,87,18,38,39,69,9,28,29,47,88,89,99,41,49,46",1429
2,159,"80,20,50,60,51,70,90,30,40,81,21,93,10,82,31,91,0,11,61,1,32,83,63,92,71,12,22,72,62,3,94,55,23,13,34,41,44,54,45,5,84,4,73,24,53,14,85,95,6,43,42,15,74,2,64,16,35,75,36,25,47,65,48,76,77,33,52,78,7,67,17,46,96,86,56,87,68,37,57,26,49,66,97,98,38,99,88,79,69,27,58,8,9,28,39,29,59,89,18,19",1434
2,160,"38,80,68,91,0,51,50,27,70,10,40,71,20,11,81,41,42,31,61,1,82,72,21,12,22,92,23,93,52,53,94,2,73,24,83,13,64,43,62,74,76,33,54,14,4,66,37,34,84,44,15,63,85,75,45,55,57,86,6,56,89,96,8,35,77,25,95,79,36,47,87,16,46,32,48,78,88,7,97,67,98,18,60,59,65,69,28,17,26,3,90,5,30,19,58,39,9,49,99,29",1434
2,161,"60,50,0,90,70,24,13,80,40,81,1,61,91,2,10,11,71,51,82,21,31,32,92,28,41,12,72,22,53,3,73,23,76,86,34,93,42,54,4,5,83,84,56,43,62,14,95,6,30,44,85,74,63,15,45,55,16,20,46,58,7,96,8,64,65,75,94,35,25,26,33,57,77,36,66,78,59,27,98,79,97,17,67,68,37,87,18,38,39,69,9,52,29,47,88,89,99,48,49,19",1438
2,162,"60,50,0,90,70,30,80,40,81,1,71,61,91,2,10,11,51,82,21,31,92,52,32,41,12,72,22,53,3,73,23,33,13,34,93,42,54,4,83,84,5,94,24,62,14,95,6,43,44,85,74,63,15,45,55,16,86,46,56,7,96,8,65,75,35,26,76,57,77,36,58,66,78,59,27,79,64,25,97,17,67,98,68,37,87,18,38,39,69,28,20,9,29,47,88,89,99,48,49,19",1441
2,163,"40,41,20,80,0,10,63,1,50,15,90,81,32,70,82,30,3,60,91,31,2,61,11,71,51,92,72,22,53,12,62,21,52,13,24,35,44,54,67,14,55,96,45,64,73,33,5,6,95,84,85,74,42,37,34,83,16,46,86,56,23,7,25,36,26,93,8,75,47,49,48,43,65,76,17,77,57,58,66,94,4,68,27,97,69,59,78,79,28,98,87,88,18,89,19,38,99,29,39,9",1442
2,164,"60,54,0,90,70,17,20,80,45,43,1,71,61,91,2,10,11,51,82,84,31,92,52,32,41,12,72,22,53,3,88,8,33,13,7,93,66,50,4,63,16,21,94,68,62,14,40,59,81,44,55,74,5,56,95,24,96,42,69,75,35,83,78,76,58,77,34,79,86,49,85,15,36,97,25,65,39,28,98,27,47,29,38,87,9,26,57,48,6,46,23,64,67,37,30,89,99,73,18,19",1457
2,165,"60,50,0,90,70,30,20,80,40,54,1,71,12,81,2,87,11,51,23,35,31,92,52,32,41,61,72,83,53,15,73,96,24,14,38,7,63,95,4,5,22,64,45,10,42,66,34,49,43,82,85,74,3,33,94,55,16,86,46,26,93,44,8,91,65,75,21,18,56,25,57,77,36,58,84,78,59,27,79,17,97,67,98,68,37,13,76,62,39,69,9,28,29,47,88,89,99,48,6,19",1475
2,166,"60,50,8,90,70,30,20,80,40,7,1,71,61,29,2,10,11,51,82,21,83,69,52,32,41,12,72,22,53,3,46,16,33,13,34,93,42,54,4,5,31,84,94,24,36,14,95,6,23,44,85,74,63,15,47,55,77,67,73,56,65,96,0,64,81,75,35,25,26,76,57,43,28,58,66,78,59,27,19,97,17,86,98,68,37,87,18,38,39,92,9,62,45,91,88,89,99,48,49,79",1478
2,167,"60,50,0,90,70,30,20,80,40,81,1,12,61,91,5,10,11,51,82,21,31,92,3,32,93,41,45,72,22,73,6,13,62,94,14,74,71,83,24,42,2,44,23,43,55,95,33,52,63,84,46,34,54,15,4,53,16,86,85,56,7,96,8,64,65,75,35,25,26,76,57,77,36,58,66,78,59,27,79,97,17,67,98,68,37,87,18,38,39,69,9,28,29,47,88,89,99,48,49,19",1478
2,168,"60,50,0,90,70,30,20,80,40,81,1,71,61,91,2,10,11,51,82,21,31,92,52,79,48,12,72,22,53,3,73,23,33,13,34,93,42,47,4,5,83,84,94,24,62,14,95,6,43,44,85,74,63,15,45,55,16,86,46,56,7,96,8,64,65,75,35,25,26,76,57,77,36,58,66,78,59,27,32,97,17,67,98,68,37,87,18,38,39,69,9,28,29,54,88,89,99,41,49,19",1480
2,169,"60,50,0,90,70,41,20,80,40,81,35,86,61,91,2,10,11,51,82,21,93,92,29,32,30,12,72,22,53,3,73,23,33,13,34,71,79,54,4,5,9,84,94,24,62,14,95,6,43,44,85,74,63,31,45,48,16,15,83,56,7,96,8,64,65,75,1,25,26,76,57,77,36,58,66,78,59,27,42,97,17,67,98,68,37,87,18,38,39,69,46,28,52,47,88,89,99,55,49,19",1484
2,170,"60,50,98,90,70,93,20,80,40,81,92,71,61,91,2,29,11,51,22,66,31,1,52,64,41,12,72,82,53,3,36,23,33,13,34,74,96,54,4,76,83,84,94,24,62,14,95,6,43,7,85,30,42,15,45,55,16,86,46,56,44,19,8,32,65,75,35,25,26,5,57,9,73,58,59,78,21,27,79,67,17,97,37,68,0,87,18,38,39,69,77,28,10,47,88,89,99,48,49,63",1486
2,171,"29,40,0,9,96,30,20,80,97,81,1,99,88,91,2,39,11,32,62,21,31,92,52,7,41,68,72,22,15,86,73,23,33,13,34,93,42,54,4,53,83,84,94,24,48,14,95,46,43,44,85,74,63,5,45,55,16,37,64,82,25,75,58,6,59,28,66,36,8,77,65,67,51,26,17,78,76,89,50,10,35,12,60,57,87,69,70,61,47,3,90,56,98,79,38,27,71,18,49,19",1492
2,172,"91,51,0,90,92,10,39,52,40,66,2,62,1,17,12,20,15,75,34,74,22,58,25,71,46,30,33,70,23,59,73,83,21,63,31,67,77,50,32,64,94,5,55,72,53,42,95,47,24,44,88,78,81,82,45,93,87,36,43,56,7,96,8,86,65,13,35,61,26,76,57,99,9,49,16,68,11,27,79,60,97,54,98,3,37,41,18,38,80,48,4,28,29,6,14,89,85,69,84,19",1493
2,173,"60,50,10,45,35,30,20,80,40,81,1,71,61,55,2,0,11,51,82,21,31,92,52,67,41,12,39,22,53,3,73,23,33,13,65,93,83,54,4,19,42,84,94,24,62,14,95,6,43,44,85,88,63,15,90,64,91,86,46,56,28,96,8,16,34,57,70,25,26,76,75,29,36,58,66,78,59,27,79,97,17,32,98,68,37,87,18,38,72,69,9,7,77,47,74,89,99,48,49,5",1502
2,174,"73,8,0,90,70,30,20,80,40,81,1,5,61,91,2,10,11,51,82,21,31,39,52,97,41,35,72,58,53,59,68,23,33,7,34,93,42,54,4,83,84,94,24,92,14,95,6,43,86,44,85,74,63,15,75,55,16,46,78,13,96,22,50,29,65,45,12,25,26,76,57,77,36,71,66,56,3,27,79,17,32,67,98,60,37,87,18,38,62,69,9,28,64,47,88,89,99,48,49,19",1505
2,175,"55,50,0,90,66,30,20,80,40,81,1,71,14,91,2,10,11,41,82,21,31,92,52,32,51,12,72,22,53,3,73,23,33,13,34,93,70,54,87,5,83,84,94,24,62,61,15,6,43,44,76,74,63,95,9,60,28,86,46,56,7,96,8,64,65,75,35,25,26,85,57,77,36,58,42,78,59,27,79,97,17,67,98,68,37,4,18,38,39,69,45,16,29,47,88,89,99,48,49,19",1514
2,176,"60,8,0,90,70,30,20,80,40,81,1,71,61,91,2,79,69,51,18,96,31,92,86,32,41,12,17,21,53,3,73,23,29,13,34,93,42,54,4,5,83,84,94,24,62,14,95,6,43,64,74,63,56,75,55,25,52,50,15,77,35,85,44,26,45,76,67,11,46,57,65,59,47,97,48,27,66,37,10,72,58,22,98,68,78,87,82,38,39,16,9,28,33,36,88,89,99,7,49,19",1518
2,177,"60,50,0,90,70,30,56,80,40,82,1,71,7,91,31,10,58,3,51,81,2,22,84,32,43,62,73,52,54,4,23,34,5,61,94,14,42,11,83,33,8,98,20,63,24,64,92,16,75,21,6,45,25,15,39,57,96,95,65,72,53,97,59,93,76,77,86,55,78,88,36,67,87,79,26,9,44,47,12,46,35,38,13,69,37,68,48,28,74,17,66,41,29,27,85,89,99,18,49,19",1520
2,178,"60,27,0,90,70,30,20,80,2,81,1,42,61,91,84,10,11,18,82,21,31,92,52,32,41,12,72,22,53,3,73,23,33,13,34,93,71,54,4,5,83,40,94,24,62,15,95,6,43,44,85,74,29,14,45,55,16,99,46,56,7,96,8,64,65,75,35,25,26,78,57,77,36,58,66,76,59,50,79,97,17,67,28,68,37,87,51,38,39,69,9,98,63,47,88,89,86,48,49,19",1522
2,179,"60,46,0,90,75,30,8,80,13,1,71,61,91,2,94,11,51,22,40,21,31,92,52,32,41,12,72,82,53,3,93,73,83,10,54,4,7,62,34,5,44,84,33,87,95,64,42,35,43,23,85,74,15,24,45,55,16,86,50,56,63,96,20,66,65,70,6,25,26,76,57,77,36,58,14,78,59,27,79,97,17,67,98,68,37,81,18,38,39,69,9,28,29,47,88,89,99,48,49,19",1522
2,180,"0,98,30,52,77,10,90,36,21,70,11,80,41,40,44,22,26,5,60,81,78,61,31,71,4,92,2,51,3,54,7,23,33,13,34,93,42,94,82,73,83,84,72,76,62,67,53,6,99,95,43,74,63,15,45,55,66,86,46,56,12,96,8,14,65,49,35,25,16,64,57,91,50,47,27,18,59,20,48,17,58,75,1,32,79,87,97,69,28,38,37,29,24,9,85,39,88,89,68,19",1528
2,181,"60,50,0,90,30,20,80,40,81,1,86,61,91,2,10,11,51,82,21,31,92,52,32,41,12,72,56,53,3,73,23,33,13,34,93,42,54,4,83,84,94,24,62,14,95,6,43,5,46,44,85,77,63,15,45,55,16,71,7,96,22,8,64,65,75,25,26,76,57,74,36,58,98,66,78,59,35,27,79,17,97,67,68,37,87,47,18,38,39,69,9,28,29,88,89,19,99,48,49,70",1530
2,182,"60,50,0,90,15,67,20,80,40,81,1,71,61,16,2,10,11,51,95,21,31,63,52,32,82,12,72,22,53,3,73,23,33,34,29,42,13,54,4,5,48,84,94,24,62,14,17,49,43,44,85,47,70,45,55,59,86,46,56,91,96,8,74,64,65,78,35,25,26,76,93,77,36,58,66,75,7,27,79,41,97,30,98,68,37,87,18,38,39,69,9,28,57,92,88,89,99,83,6,19",1549
2,183,"18,50,0,19,70,30,85,40,81,1,71,61,91,2,10,80,51,82,21,31,92,52,32,69,12,72,22,53,3,73,33,13,44,23,93,47,43,5,83,84,94,74,65,11,14,34,63,6,95,62,24,54,15,16,55,45,86,75,56,36,96,35,8,46,66,64,26,76,67,98,4,7,39,42,87,48,59,79,9,17,57,77,68,37,58,38,88,25,89,60,28,29,41,97,78,99,27,20,49,90",1557
2,184,"60,50,0,90,70,30,20,80,40,81,1,5,87,91,95,10,11,51,57,21,31,92,84,47,41,12,72,22,53,61,73,23,29,13,2,93,42,54,4,35,83,52,94,24,62,33,34,6,43,44,85,74,63,15,45,55,16,86,46,56,17,68,8,64,65,59,71,25,26,76,82,77,36,58,66,78,75,27,79,38,28,67,98,14,37,3,18,97,39,69,9,7,96,32,88,89,99,48,49,19",1559
2,185,"60,50,34,90,70,30,20,80,52,79,64,71,61,91,2,59,11,51,65,21,44,92,73,32,41,12,88,22,53,3,77,23,33,13,0,17,42,18,85,96,83,84,37,8,62,14,95,46,66,31,4,36,63,15,45,55,16,86,6,56,7,25,24,1,82,75,35,5,26,76,57,40,74,58,43,54,67,27,81,97,93,10,98,68,94,87,78,38,39,69,9,28,29,47,72,89,99,48,49,19",1560
2,186,"60,50,0,90,70,30,20,80,72,81,1,71,61,91,2,10,11,46,82,21,31,92,52,38,41,12,40,22,53,83,73,23,33,13,34,39,42,54,4,5,3,84,18,24,62,14,95,6,43,44,85,74,63,15,45,55,16,86,51,56,27,96,8,64,65,75,35,25,26,76,57,77,36,58,66,78,59,7,79,49,17,67,98,68,37,88,94,32,93,69,9,28,29,47,87,89,99,48,97,19",1566
2,187,"88,80,48,91,0,50,89,70,10,40,71,20,11,81,41,42,31,51,61,1,82,72,21,12,22,93,92,23,52,94,2,73,24,83,53,13,64,43,62,74,77,33,54,14,4,95,55,34,84,44,63,15,85,75,45,87,5,86,6,28,32,96,66,46,7,56,17,65,35,67,25,68,36,58,8,78,59,27,79,97,26,57,98,76,69,3,18,38,39,37,9,16,30,19,60,47,90,49,99,29",1584
2,188,"60,50,4,22,15,30,20,80,40,81,1,9,61,91,2,10,25,51,82,21,31,92,52,32,41,12,72,90,53,28,73,23,33,13,35,93,42,54,0,5,83,58,94,24,62,97,95,6,43,39,85,74,63,70,45,55,16,86,46,56,7,96,8,64,29,75,34,11,26,76,57,77,36,84,66,78,59,27,79,14,17,67,98,68,37,87,18,38,44,69,71,3,65,47,88,89,99,48,49,19",1595
2,189,"60,94,0,90,70,30,20,80,33,81,1,71,61,91,2,10,11,51,84,21,31,34,52,6,73,12,72,22,45,43,41,23,5,53,25,42,7,86,75,26,62,44,24,50,55,40,85,3,8,13,15,82,63,57,64,65,35,87,36,66,77,67,32,74,79,38,78,92,14,76,95,93,46,58,56,16,59,27,83,97,17,96,98,68,37,54,18,4,39,69,9,28,29,47,88,89,99,48,49,19",1612
2,190,"0,20,90,60,30,1,40,2,70,80,71,10,43,91,50,12,62,81,82,51,31,92,61,42,75,24,64,22,25,3,73,23,45,52,14,34,32,63,4,5,21,84,94,54,11,93,76,77,83,88,57,74,55,15,33,36,65,87,16,56,7,96,8,72,6,67,69,53,9,85,95,38,68,37,66,26,59,27,79,97,17,28,98,35,58,86,18,41,13,39,78,47,89,48,29,44,19,49,46,99",1627
2,191,"60,82,90,70,81,10,71,91,20,61,68,32,51,92,12,21,40,52,0,11,2,30,72,37,50,31,22,53,3,73,23,33,13,34,93,42,54,4,5,83,84,94,24,62,98,95,6,43,44,85,74,58,15,45,7,55,16,86,46,14,96,57,64,65,75,25,26,76,8,77,36,35,63,66,78,59,27,79,17,97,67,89,1,29,69,87,18,38,39,9,28,41,47,88,56,80,99,48,49,19",1635
2,192,"91,50,60,90,55,2,10,80,47,63,61,71,65,0,18,70,29,30,89,82,92,39,32,41,12,51,72,22,88,3,73,23,25,31,34,93,95,54,11,5,83,64,94,24,53,56,69,6,43,44,85,36,13,15,45,52,14,86,26,42,48,96,40,4,75,84,35,33,46,8,57,7,77,28,16,58,78,59,27,76,98,49,37,87,74,97,66,38,20,17,81,19,1,21,68,79,62,99,67,9",1642
2,193,"20,70,90,60,30,11,98,0,40,41,15,10,1,91,50,31,3,21,81,34,54,61,13,42,71,83,14,52,72,80,84,4,63,35,38,2,73,24,12,33,44,28,18,53,92,56,95,65,85,32,76,45,7,43,66,51,25,16,37,6,55,36,62,64,75,57,82,87,8,88,46,67,5,86,9,29,77,68,58,78,47,69,93,39,48,22,79,23,49,17,27,99,26,97,96,94,89,74,59,19",1647
2,194,"53,50,0,90,70,48,20,59,68,88,43,71,63,91,2,10,11,51,22,21,31,33,52,72,12,3,32,82,73,4,62,13,24,42,77,23,1,5,76,94,54,93,95,6,45,61,8,44,47,30,46,41,25,34,75,74,56,86,85,16,7,96,14,84,65,60,35,83,26,15,57,9,36,58,66,78,80,69,79,17,97,67,98,40,37,87,18,38,39,27,92,28,29,64,81,89,99,55,49,19",1673
2,195,"60,50,0,90,70,30,80,40,81,1,71,53,36,2,10,11,88,82,21,31,92,52,32,45,35,72,22,63,3,73,43,33,13,34,93,42,54,4,5,83,12,94,24,8,14,95,6,23,44,85,74,56,15,19,55,16,86,46,99,7,96,62,64,65,51,84,25,26,76,57,77,75,58,66,78,59,27,79,17,97,67,98,68,37,87,18,38,39,69,9,61,28,29,47,91,89,41,48,49,20",1675
2,196,"70,90,71,0,60,10,80,50,30,20,91,1,40,2,51,21,31,11,32,82,52,81,62,13,61,12,72,22,45,3,73,42,33,43,34,64,23,63,41,55,25,84,14,95,75,54,5,6,93,74,85,4,83,15,24,16,56,46,96,26,94,92,44,86,99,53,36,37,65,66,67,27,47,97,7,98,48,68,87,69,28,8,88,89,76,77,78,17,18,19,57,58,49,38,39,29,79,59,35,9",1693
2,197,"30,22,90,50,87,1,20,74,53,11,2,32,70,36,12,10,72,51,31,99,76,0,88,42,43,40,13,82,41,3,69,23,33,81,8,93,71,9,4,5,83,84,94,24,62,14,27,6,80,39,21,52,26,15,45,55,16,89,46,77,7,96,34,64,65,75,35,25,68,66,57,56,60,58,44,78,59,95,79,17,97,48,98,63,54,92,18,85,91,73,37,28,29,47,61,86,38,67,49,19",1712
2,198,"60,50,41,90,70,35,20,29,21,71,61,91,2,10,11,66,82,6,1,81,31,25,52,32,34,12,72,22,53,3,37,23,33,13,0,84,42,54,4,5,83,93,94,24,74,14,95,40,43,44,85,62,63,15,45,64,79,86,46,56,7,27,8,55,65,38,30,92,26,68,57,77,89,16,51,78,59,96,75,17,97,67,98,76,88,87,18,58,39,69,9,28,80,47,73,36,99,48,49,19",1714
2,199,"60,50,0,90,70,20,80,81,1,71,61,91,2,10,11,40,51,52,21,22,53,32,33,3,13,41,31,73,23,5,83,4,84,54,93,92,12,6,34,62,14,43,24,44,94,95,7,85,42,15,16,74,63,56,45,64,46,96,25,65,86,77,55,8,72,36,26,47,48,37,35,82,66,67,78,59,27,79,17,97,58,98,18,68,57,87,38,39,69,9,28,29,75,88,89,30,99,76,49,19",1715
2,200,"60,50,0,90,70,95,20,80,34,81,1,71,87,91,30,10,11,51,82,21,58,61,52,32,41,12,72,22,46,3,73,62,33,13,40,93,42,54,4,5,57,84,96,7,23,14,19,6,43,44,85,74,63,99,45,55,16,86,53,56,24,94,8,64,65,75,35,25,26,76,83,77,36,31,66,78,18,92,79,97,89,67,98,68,37,27,59,38,39,69,9,28,15,47,88,17,29,48,49,2",1731
3,201,"60,50,0,90,81,70,30,20,80,40,41,1,71,61,91,2,10,11,51,82,21,31,92,52,32,12,72,22,53,3,73,23,33,13,34,93,42,54,4,5,83,84,94,24,62,14,44,95,6,43,85,74,63,15,45,55,16,86,96,46,56,7,8,64,65,75,35,25,26,76,57,77,36,58,66,78,59,27,79,97,17,67,98,68,37,87,18,38,39,69,9,28,29,47,88,89,99,48,49,19",1144
3,202,"60,50,0,90,70,30,20,80,40,81,1,71,61,91,2,10,11,51,82,21,31,92,52,32,41,12,72,22,53,3,73,23,33,13,34,93,42,54,4,5,83,84,94,24,62,14,44,95,6,43,7,85,74,63,15,45,55,16,86,46,56,96,8,64,65,75,35,25,26,76,57,77,36,58,79,66,78,59,27,97,17,67,98,68,37,87,18,38,39,69,9,29,47,28,88,89,99,48,49,19",1144
3,203,"60,50,0,90,70,30,20,80,40,81,1,71,61,91,2,10,11,51,82,21,31,92,52,32,41,12,72,22,53,3,73,23,33,13,34,93,42,54,4,5,83,84,94,24,62,14,44,95,6,43,85,74,63,86,45,55,16,15,46,56,7,96,8,64,65,75,35,25,26,76,57,77,36,58,66,78,59,27,79,97,17,67,98,37,87,68,18,38,39,69,9,28,29,47,88,89,99,48,49,19",1144
3,204,"60,50,0,90,70,30,20,80,40,81,1,71,61,91,2,10,11,51,82,21,4,31,92,52,32,41,12,72,22,53,3,73,23,33,13,34,93,42,54,84,5,83,94,24,62,14,44,95,6,43,85,74,63,15,45,55,16,86,46,56,7,96,8,64,65,75,35,25,26,76,57,77,36,58,66,78,59,27,79,97,17,67,98,68,37,87,18,38,39,69,9,28,29,47,88,89,99,48,49,19",1144
3,205,"60,50,0,90,70,30,20,80,40,81,1,71,61,91,2,10,11,51,82,21,31,92,52,32,41,12,72,22,53,3,73,23,33,13,34,93,42,54,4,5,83,84,94,24,62,14,95,6,43,44,85,74,63,15,45,55,16,86,56,75,7,96,8,64,46,65,35,25,26,76,57,77,36,58,17,66,78,59,27,79,97,67,98,68,37,87,18,38,39,69,9,28,29,47,88,89,99,48,49,19",1144
3,206,"60,50,0,90,70,30,20,80,40,81,1,71,61,91,2,10,11,51,82,21,31,92,52,32,41,12,72,22,53,3,73,23,33,13,34,93,54,4,5,83,84,42,74,94,24,62,14,44,95,6,43,85,63,15,45,55,16,86,46,56,7,96,8,64,75,35,25,65,26,76,57,77,36,58,66,78,59,27,79,97,17,67,98,68,37,87,18,38,39,69,9,28,29,47,88,89,99,48,49,19",1144
3,207,"60,50,0,90,70,41,20,80,40,81,1,71,61,91,2,10,51,82,11,21,31,92,52,3,32,30,12,72,22,53,73,23,33,13,34,93,42,54,4,5,83,84,94,24,62,14,44,95,6,43,85,74,63,15,45,55,16,86,46,56,7,96,8,64,75,65,35,25,26,78,76,57,77,36,58,66,59,27,79,97,17,67,98,68,37,87,18,38,39,69,9,28,29,48,47,88,89,99,49,19",1144
3,208,"60,50,0,90,70,30,20,80,40,81,1,71,61,91,2,10,11,51,82,21,31,92,32,52,41,12,72,22,53,3,73,23,33,13,34,93,42,54,24,4,5,83,84,94,62,14,95,6,43,44,85,74,63,15,45,55,16,86,46,56,7,96,8,64,65,75,35,25,26,76,57,77,36,58,66,78,59,27,79,97,17,67,98,68,37,87,18,38,39,69,9,28,29,47,88,89,99,48,49,19",1144
3,209,"60,50,0,90,70,30,20,80,40,81,1,71,61,91,2,10,11,51,82,21,31,92,52,32,41,12,72,22,53,3,73,23,33,13,34,93,42,54,4,5,83,84,94,24,62,14,44,95,6,43,85,74,63,15,45,55,16,86,46,56,7,96,8,64,65,75,35,25,26,76,57,77,36,58,66,78,59,27,79,97,17,67,98,68,37,87,18,38,39,69,9,28,29,47,88,89,99,48,49,19",1144
3,210,"50,0,60,2,90,70,16,20,80,40,81,1,71,61,91,10,11,51,82,21,31,92,52,32,41,12,72,53,3,22,34,73,23,74,13,62,93,42,76,4,5,83,84,94,24,14,95,6,43,44,85,33,63,55,15,45,30,86,46,56,7,96,8,64,65,75,35,25,26,54,57,77,36,58,66,78,59,97,27,79,17,67,98,68,37,87,18,38,39,69,9,28,29,47,88,89,99,48,49,19",1157
3,211,"60,50,0,90,70,30,20,80,40,81,1,71,61,91,2,10,11,82,21,31,92,52,32,41,12,72,51,22,53,3,73,23,33,13,34,93,42,54,4,5,83,84,94,24,62,14,44,95,6,43,85,74,63,15,45,55,16,86,46,56,7,96,8,64,65,35,25,26,76,57,77,36,75,58,66,78,59,27,79,97,17,67,98,68,38,37,87,18,39,69,9,29,47,88,89,99,48,28,49,19",1168
3,212,"60,50,0,90,70,30,20,80,40,81,1,71,61,91,2,10,11,51,82,21,31,92,52,32,41,12,72,22,53,3,73,23,33,13,34,93,83,42,54,4,5,84,94,24,62,14,44,95,6,43,85,74,63,15,45,55,16,75,86,46,56,7,96,8,64,65,35,25,26,76,57,77,36,58,66,78,59,27,79,97,17,67,98,68,37,87,18,38,39,69,9,28,29,47,88,89,99,48,49,19",1177
3,213,"60,50,0,90,70,30,20,80,40,81,1,71,61,16,2,10,11,51,95,21,31,63,52,32,53,41,22,12,72,3,73,23,33,13,34,93,42,54,4,5,83,84,94,24,62,14,44,82,6,43,85,74,92,15,45,55,91,86,46,56,8,7,96,64,65,75,35,25,26,76,57,77,36,58,66,78,59,27,79,97,17,67,98,68,37,87,18,38,39,69,9,28,29,47,88,89,99,48,49,19",1178
3,214,"60,50,0,90,70,30,80,40,81,1,20,71,61,91,2,10,11,51,82,21,31,92,52,32,41,12,72,22,53,3,73,23,33,13,34,93,42,54,4,5,83,84,24,62,94,14,44,95,6,43,85,74,63,15,45,55,16,86,46,56,7,96,36,8,64,65,75,35,25,26,76,57,77,58,66,78,59,27,79,97,17,67,98,68,37,87,18,38,39,69,9,28,29,47,88,89,99,48,49,19",1199
3,215,"60,50,0,90,70,30,20,80,40,81,1,71,61,91,2,10,11,51,82,21,31,92,52,32,41,12,72,22,53,3,73,23,33,13,34,62,93,42,54,4,5,83,84,94,24,14,44,95,6,43,85,74,63,15,45,55,16,86,46,56,7,96,8,64,65,75,35,25,26,76,57,77,36,58,66,78,59,27,79,97,17,67,98,68,37,87,18,38,39,89,69,9,28,29,47,88,99,48,49,19",1225
3,216,"60,50,0,90,70,30,20,80,40,81,1,71,61,91,2,10,11,51,82,31,21,92,52,32,41,12,72,22,53,3,73,23,33,13,34,93,42,54,4,5,83,84,94,24,62,14,95,44,6,43,85,74,63,15,45,55,16,86,46,56,7,96,8,64,65,75,35,25,26,76,57,77,36,58,66,78,59,27,79,97,17,67,98,68,89,37,87,18,38,39,69,9,28,29,47,88,99,48,49,19",1225
3,217,"60,85,69,52,4,30,20,80,92,53,1,74,61,91,2,10,11,51,82,98,31,40,90,32,41,12,72,49,28,3,73,23,65,13,84,93,42,54,70,5,83,34,94,67,62,35,44,36,6,43,50,71,63,15,45,55,16,8,9,56,7,96,86,64,33,75,47,25,26,76,57,46,95,58,66,78,59,27,79,97,17,24,18,68,37,87,21,38,39,0,77,81,29,14,88,89,99,48,22,19",1245
3,218,"60,50,0,71,70,30,20,4,40,81,1,90,61,29,2,17,11,85,14,21,31,92,52,32,41,12,72,22,53,3,73,23,33,13,34,93,42,56,48,97,83,84,94,24,62,82,95,6,43,44,36,74,63,15,45,55,16,9,46,54,7,96,8,64,65,75,35,25,26,76,57,77,38,58,66,78,18,27,79,5,80,67,98,68,37,87,59,51,39,69,89,28,91,47,88,86,99,10,49,19",1249
3,219,"60,50,0,90,70,30,20,80,40,81,1,71,61,91,2,10,11,21,51,82,31,92,52,32,41,12,72,22,53,3,73,23,33,13,34,93,42,54,83,4,5,84,94,24,62,14,44,6,43,95,85,74,63,15,45,55,16,86,46,56,7,96,8,64,65,75,35,25,26,76,57,77,36,66,58,78,59,27,79,97,17,67,98,68,37,87,18,39,69,9,28,88,29,47,89,38,99,48,49,19",1249
3,220,"40,0,30,80,41,10,20,42,43,90,60,31,70,71,50,21,91,11,62,61,1,63,12,51,14,72,2,13,52,81,22,32,92,73,93,33,54,82,44,94,95,74,23,75,3,83,45,53,34,84,55,56,64,4,5,85,24,86,16,6,35,65,76,25,36,66,26,67,27,37,96,77,97,17,28,57,15,58,46,7,59,78,47,79,89,8,87,88,68,98,69,18,38,29,48,19,39,49,99,9",1261
3,221,"60,50,0,90,70,30,20,80,41,46,1,71,36,91,2,10,4,51,82,21,13,92,55,32,74,12,72,22,58,3,73,57,25,63,34,93,48,54,11,5,83,64,14,24,53,16,42,6,40,69,17,68,31,66,45,52,56,86,26,95,94,96,8,84,65,75,35,33,85,9,23,77,76,62,15,78,59,27,79,7,81,61,98,43,37,87,18,38,39,44,67,28,29,47,88,89,99,97,49,19",1272
3,222,"60,50,0,90,70,30,20,80,40,81,1,71,61,91,2,10,11,51,82,21,31,92,52,32,41,12,72,22,53,23,3,73,33,13,34,93,42,54,4,5,83,84,94,24,62,14,44,95,6,43,85,74,63,65,15,45,55,16,86,46,56,7,96,8,64,75,25,26,35,76,57,77,36,58,66,78,59,27,79,97,17,67,98,68,37,87,18,38,39,69,9,29,47,28,88,89,99,48,49,19",1274
3,223,"60,50,0,20,90,70,38,80,40,81,10,71,61,98,13,11,51,67,21,31,1,92,52,32,41,84,72,22,53,44,3,78,23,12,2,77,42,54,4,5,93,83,33,68,24,62,57,95,6,43,85,74,63,15,45,55,16,86,46,56,7,96,8,64,65,75,35,25,26,76,14,34,36,58,66,73,59,27,79,17,97,82,91,94,37,87,18,30,39,69,9,28,47,29,88,89,99,48,49,19",1282
3,224,"60,50,0,90,70,6,20,80,40,81,1,71,61,22,4,10,11,51,82,21,54,92,52,32,41,12,72,91,53,3,73,23,33,13,34,93,42,31,2,5,83,84,39,77,62,14,44,95,30,43,27,9,63,15,45,26,96,86,46,99,7,16,8,64,65,75,35,28,19,76,57,24,36,58,66,78,59,85,79,97,17,67,98,68,37,87,18,38,94,69,74,25,29,47,88,89,56,48,49,55",1282
3,225,"7,30,70,11,71,43,0,3,40,82,41,93,96,42,2,61,10,51,84,22,60,37,66,31,1,63,52,73,90,85,13,80,32,34,92,38,24,23,33,21,83,50,81,72,53,78,54,6,45,91,15,95,74,86,44,4,46,64,65,12,39,8,16,25,75,55,62,56,26,5,88,76,47,35,58,14,48,59,94,9,68,57,69,98,20,87,18,17,99,67,97,28,29,36,79,89,77,27,49,19",1290
3,226,"60,50,0,53,70,30,20,80,40,81,25,71,61,91,4,69,86,67,78,21,31,32,92,52,41,57,72,22,12,3,59,23,33,13,74,93,42,54,46,5,26,84,94,24,62,14,44,6,43,95,85,34,63,15,45,55,16,7,2,90,56,11,96,8,64,65,75,35,39,83,76,77,36,58,66,82,73,27,79,17,97,51,98,68,37,87,18,38,10,9,28,47,88,1,89,99,48,29,49,19",1295
3,227,"60,50,44,90,70,24,65,80,40,81,1,71,29,91,74,10,11,51,82,21,77,92,52,32,41,28,72,22,53,46,73,23,33,13,62,57,42,85,4,68,83,15,94,30,2,14,95,16,43,78,54,34,76,8,55,84,37,0,56,64,96,87,75,3,88,6,47,45,26,63,93,31,36,58,66,25,38,27,79,97,17,5,98,86,67,7,18,59,39,69,9,12,61,35,20,89,99,48,49,19",1326
3,228,"60,70,50,0,90,30,20,80,40,81,71,61,91,2,10,11,51,82,21,31,92,52,32,41,1,12,72,22,53,3,73,23,33,13,34,42,54,93,4,5,83,84,94,86,24,62,14,44,95,6,43,85,74,63,15,45,55,16,46,56,7,96,8,64,65,75,35,25,26,76,57,77,36,58,66,78,59,27,79,97,17,67,98,68,37,87,18,38,39,69,9,28,29,47,88,89,99,48,49,19",1328
3,229,"60,50,2,90,70,71,20,68,6,11,81,1,35,61,91,34,10,66,82,21,31,25,32,41,12,72,93,22,53,3,73,23,33,13,0,52,42,54,4,5,83,84,94,24,62,14,95,40,43,44,85,74,63,15,45,55,58,86,46,56,92,59,76,8,64,65,75,30,26,29,57,77,36,28,51,78,16,96,38,7,17,67,98,27,88,87,18,79,39,69,9,97,80,47,37,89,99,48,49,19",1330
3,230,"60,50,0,90,70,30,20,57,40,81,1,71,61,73,2,10,11,51,7,92,31,21,52,32,41,12,72,22,53,3,91,23,33,13,34,93,42,54,4,5,83,84,94,24,62,14,44,6,43,95,96,85,74,63,15,45,55,16,86,46,56,39,8,64,65,75,35,25,26,76,77,68,38,36,58,66,78,59,87,79,9,17,67,98,37,27,18,80,82,69,97,28,29,47,88,89,99,48,49,19",1332
3,231,"60,0,90,70,51,20,80,40,81,1,71,61,91,2,10,11,52,21,89,13,39,32,41,12,30,72,22,88,3,73,23,25,92,93,34,42,54,4,5,83,84,94,24,62,14,44,95,6,43,85,74,63,15,45,16,86,46,56,7,96,8,64,65,75,35,33,26,76,57,77,36,55,58,66,78,59,27,79,97,17,67,98,68,37,87,18,38,31,69,9,28,50,29,47,53,82,99,48,49,19",1333
3,232,"18,51,0,88,92,10,39,52,40,27,46,62,38,64,12,78,15,75,34,30,22,58,95,71,25,74,93,70,23,56,73,83,97,63,31,67,77,42,32,96,94,5,55,72,53,65,2,47,24,44,90,20,81,50,45,19,87,36,57,59,7,17,8,86,82,13,35,61,26,76,43,99,9,49,16,68,11,66,79,60,21,54,98,3,37,41,91,1,80,48,4,28,29,6,14,89,85,69,84,33",1348
3,233,"40,0,30,80,41,10,20,42,77,90,60,31,70,71,50,21,91,11,62,61,1,63,12,51,14,72,2,13,52,81,32,22,92,83,73,66,33,54,82,44,7,95,74,23,67,3,45,53,34,84,55,56,64,59,5,85,24,15,16,6,35,97,17,36,26,46,8,75,27,49,48,57,79,28,98,86,43,58,93,94,87,88,47,78,69,18,38,65,76,25,29,39,4,89,19,68,99,96,37,9",1357
3,234,"60,50,0,90,70,30,20,68,40,81,1,71,61,91,2,10,11,51,82,21,31,43,32,52,41,12,72,22,53,3,73,23,33,13,34,93,42,8,5,4,24,83,84,94,62,14,95,6,92,44,85,99,63,15,45,55,16,86,46,56,7,80,54,64,65,75,35,25,26,76,57,77,36,58,66,78,59,27,79,97,17,67,98,96,37,87,18,38,39,69,9,28,29,47,88,89,74,48,49,19",1358
3,235,"29,0,70,92,50,68,90,51,80,38,21,10,81,33,12,61,11,20,82,91,62,1,73,41,32,72,88,42,2,52,60,22,4,71,75,46,37,23,83,67,34,47,79,86,24,93,45,84,54,44,85,5,94,15,6,55,3,16,65,74,78,58,14,8,95,43,35,25,76,17,26,77,36,7,13,56,59,27,97,87,63,48,64,31,53,96,98,69,30,9,57,28,40,19,18,49,89,39,66,99",1363
3,236,"24,50,15,90,70,30,20,80,51,81,35,63,61,79,2,10,11,40,82,21,93,92,29,32,41,87,72,22,86,3,73,23,33,13,34,71,91,54,4,5,9,84,94,0,62,99,95,6,43,58,85,74,53,31,45,48,16,60,83,56,7,96,8,64,65,78,1,25,49,28,57,77,36,44,66,75,59,27,42,97,17,67,98,68,37,14,18,38,39,69,46,76,12,47,88,89,52,55,26,19",1365
3,237,"60,50,0,90,70,30,20,13,40,81,1,78,61,91,2,62,11,51,82,7,31,92,52,32,41,12,72,22,53,3,73,23,33,80,34,93,42,54,4,5,83,84,94,24,10,14,44,95,6,43,85,74,63,15,45,55,16,86,46,56,21,96,8,64,65,75,35,25,26,76,57,77,36,58,66,68,59,27,79,97,17,67,98,71,37,87,18,38,39,69,9,28,29,47,88,89,99,48,49,19",1377
3,238,"59,50,0,90,42,47,20,99,40,81,1,71,75,91,2,10,11,79,82,85,31,55,52,51,36,72,32,22,53,3,73,23,33,13,34,93,66,4,87,5,83,63,18,94,24,62,61,15,6,43,78,76,74,95,9,60,28,86,46,56,7,96,8,64,65,14,35,84,26,21,57,77,12,58,70,44,92,27,97,41,17,67,98,68,37,54,25,38,39,69,45,16,29,30,88,89,80,48,49,19",1384
3,239,"60,50,0,90,70,88,30,20,80,40,81,1,71,61,91,2,10,11,51,82,21,31,92,52,32,41,12,72,22,53,3,73,23,33,13,34,93,42,54,4,5,83,84,94,45,24,62,14,6,95,43,44,85,74,63,15,55,16,86,46,56,7,96,8,64,65,75,35,25,26,76,57,77,66,58,36,78,59,27,79,97,17,67,98,68,37,87,18,38,39,69,9,28,29,47,89,99,48,49,19",1384
3,240,"60,50,0,55,70,30,20,80,40,81,96,71,61,91,8,11,2,51,82,21,31,87,52,32,41,12,72,95,89,3,27,23,33,13,34,93,42,54,4,43,63,94,67,62,14,83,22,6,5,44,85,74,84,15,45,90,16,86,46,56,7,25,79,64,65,75,35,1,26,76,57,77,36,68,58,66,78,59,73,10,97,17,24,98,37,92,18,38,39,69,9,28,29,47,88,53,99,48,49,19",1386
3,241,"60,50,0,90,70,30,80,40,81,1,71,61,91,2,10,11,51,82,21,31,92,52,41,12,72,22,53,3,73,23,33,13,34,93,42,54,4,83,84,94,32,62,24,14,95,6,43,44,85,74,5,63,15,45,55,16,86,46,56,96,8,65,75,35,26,76,57,77,36,58,66,78,59,27,79,7,64,25,97,17,18,67,98,68,37,87,38,39,69,28,20,9,47,29,88,89,99,48,49,19",1390
3,242,"18,50,0,19,70,30,85,40,1,71,61,91,2,10,81,80,51,82,21,31,92,52,32,69,12,72,22,53,3,73,44,23,63,13,47,34,42,84,94,74,65,54,4,24,93,62,33,6,95,14,11,5,15,16,55,45,86,75,56,36,96,35,8,46,66,64,26,67,98,83,7,39,76,43,87,48,59,79,9,17,57,77,68,37,58,38,88,25,89,60,28,29,41,97,78,99,27,20,49,90",1393
3,243,"60,50,0,90,70,30,20,80,40,81,1,71,22,91,2,10,69,51,82,45,31,42,52,79,59,12,72,61,53,3,73,23,33,13,34,93,92,47,4,5,83,84,94,24,62,14,95,6,43,74,85,44,63,15,21,55,16,86,46,56,7,96,8,64,17,75,35,25,26,76,18,77,36,58,66,78,48,27,32,97,65,67,98,68,37,87,57,38,39,11,9,28,29,54,88,89,99,41,49,19",1397
3,244,"60,50,0,90,70,30,20,80,40,81,1,71,61,91,2,10,31,51,82,21,11,95,52,32,41,12,72,22,53,16,73,23,33,35,84,14,42,6,62,15,44,34,92,85,79,77,64,8,65,67,94,46,45,74,25,4,83,3,5,66,26,93,63,86,75,54,56,47,36,58,76,27,59,17,78,13,57,96,97,24,7,43,98,68,37,87,18,38,39,69,9,28,29,55,88,89,99,48,49,19",1402
3,245,"50,0,90,70,30,20,80,60,40,81,1,71,61,91,2,10,11,51,82,21,31,92,52,32,41,12,72,22,53,3,73,23,33,13,34,93,42,54,4,5,83,84,24,62,14,44,95,94,6,43,85,17,63,15,45,55,16,86,46,56,7,96,8,64,65,75,35,25,26,76,57,77,36,58,18,78,59,27,79,28,68,98,49,37,87,74,69,97,66,38,39,9,29,47,88,89,99,48,67,19",1405
3,246,"60,49,0,90,70,30,20,11,40,82,1,41,27,79,93,10,57,55,81,68,54,56,75,43,71,23,59,58,34,80,32,4,5,35,36,2,84,24,83,63,45,28,18,14,7,25,95,65,85,15,76,44,62,42,66,21,61,86,46,53,33,96,8,64,12,22,52,16,26,6,3,77,50,13,74,78,31,92,91,69,17,88,98,72,37,87,94,51,39,97,9,73,29,47,67,89,99,48,38,19",1407
3,247,"68,0,90,70,30,50,20,80,40,81,1,83,3,61,91,2,10,11,51,82,21,31,92,52,32,41,35,72,22,53,73,23,33,96,34,93,42,54,4,84,94,24,39,5,95,43,86,6,46,62,85,74,63,15,75,55,16,78,44,56,58,13,8,64,65,45,12,25,26,76,57,77,36,71,66,7,59,27,79,17,97,67,98,60,37,87,18,38,14,69,9,28,29,47,88,89,99,48,49,19",1413
3,248,"60,50,0,57,70,30,20,80,40,81,39,10,71,91,46,7,51,82,21,61,31,92,52,32,41,90,72,22,53,3,98,23,33,13,26,93,42,54,2,5,83,75,94,24,62,14,6,43,95,44,85,74,63,58,55,16,11,4,8,86,15,96,56,64,65,84,35,89,1,34,76,12,77,45,66,78,59,27,79,38,17,67,73,68,37,87,18,97,25,69,9,28,29,47,88,36,99,48,19,49",1415
3,249,"9,50,60,73,32,2,89,5,47,92,61,13,75,0,18,70,43,51,88,97,39,35,82,12,30,52,72,22,53,33,90,23,25,71,34,93,6,54,4,24,83,29,94,80,62,95,44,79,69,42,85,48,63,15,11,55,16,86,41,14,7,96,8,84,64,65,31,3,77,76,57,46,74,58,66,78,59,28,27,10,98,49,37,87,36,38,56,21,20,17,81,19,1,40,68,45,26,99,67,91",1424
3,250,"60,50,0,90,70,30,20,80,93,54,1,71,12,81,2,87,11,51,23,35,9,92,52,32,41,61,72,83,53,15,73,96,24,14,38,7,31,95,28,5,22,44,45,10,42,66,34,49,43,82,85,74,3,33,94,55,16,86,46,26,40,64,8,91,65,75,21,18,56,25,57,77,36,58,84,78,59,27,79,17,97,67,98,68,37,13,76,62,39,69,63,4,29,47,88,89,99,48,6,19",1425
3,251,"51,29,0,90,72,30,20,80,40,71,75,81,61,91,2,97,11,60,4,21,37,92,52,47,41,7,54,22,17,19,5,23,33,13,34,96,42,94,82,73,83,84,70,76,62,67,53,48,99,85,6,74,63,15,45,55,31,86,46,14,12,93,8,64,65,58,35,25,26,24,57,77,36,1,16,78,59,27,39,10,44,56,98,68,66,87,18,38,79,69,9,28,50,32,88,89,95,43,49,3",1428
3,252,"60,21,0,90,59,7,20,80,34,81,1,71,87,91,43,10,11,51,82,50,58,70,52,32,45,12,72,22,46,3,73,62,86,13,40,93,42,54,4,5,57,84,96,27,23,14,19,6,30,44,85,74,63,99,41,55,16,33,53,56,24,49,8,64,65,75,39,25,26,76,83,77,36,31,66,78,18,92,79,97,89,67,98,68,37,95,61,38,35,69,9,28,15,47,88,17,29,48,94,2",1435
3,253,"60,50,0,90,70,30,20,80,73,79,1,71,61,91,17,59,11,51,65,21,95,92,77,32,41,12,72,22,53,3,52,23,33,13,34,93,42,54,85,25,83,84,94,8,62,14,46,66,6,43,4,74,96,15,45,55,16,86,31,56,7,5,24,64,82,75,35,63,26,76,57,40,36,58,44,18,67,27,81,97,2,10,98,68,37,87,78,38,39,69,9,28,29,47,88,89,99,48,49,19",1447
3,254,"60,94,0,90,30,20,80,14,81,1,71,61,91,2,10,11,51,74,21,31,34,52,32,41,12,72,22,13,95,73,23,5,3,25,42,7,24,86,75,62,26,44,50,55,33,85,43,8,45,15,84,63,57,64,65,35,87,36,66,77,67,6,53,83,4,16,92,40,76,82,93,46,58,56,98,78,59,27,79,97,17,96,68,37,54,18,38,39,69,9,28,29,47,88,89,99,48,70,49,19",1449
3,255,"60,99,0,43,70,30,20,80,40,81,1,71,61,91,2,10,36,51,82,21,5,92,32,52,41,12,37,22,53,42,73,23,33,89,34,93,27,54,24,4,31,83,84,94,62,14,95,6,90,44,85,74,63,15,67,55,16,86,46,56,7,96,68,64,65,75,35,25,26,76,57,77,11,58,66,78,59,50,79,97,17,45,98,8,72,87,28,38,39,69,9,18,29,47,88,13,3,48,49,19",1452
3,256,"88,80,20,50,60,51,70,90,30,40,81,21,93,10,82,31,91,0,11,61,1,32,83,63,92,71,12,22,72,62,3,94,55,23,13,34,41,44,6,54,45,5,84,4,73,24,53,14,85,95,43,42,15,74,2,36,64,16,35,75,25,47,65,48,76,77,33,52,78,98,7,66,49,46,96,86,56,99,26,38,79,97,17,67,59,57,87,18,27,37,8,39,9,28,29,69,58,68,89,19",1458
3,257,"60,50,0,90,70,30,20,5,40,57,1,71,61,91,2,10,11,51,82,21,17,92,78,32,41,12,72,22,53,3,73,23,33,13,89,42,54,4,80,83,84,94,24,62,14,44,93,6,85,7,48,74,63,15,45,55,16,86,46,56,95,96,8,64,75,65,35,25,26,76,81,77,36,58,66,52,59,27,79,97,31,67,98,68,37,87,38,18,34,69,9,28,29,47,88,39,43,99,49,19",1458
3,258,"60,10,90,85,66,20,40,81,1,71,61,91,30,50,94,51,82,0,21,80,69,92,52,41,12,72,22,53,3,15,35,33,27,34,93,24,54,4,83,32,87,39,78,62,14,95,56,43,17,70,74,5,63,73,45,89,16,86,46,6,7,96,8,64,65,75,23,25,26,76,57,77,36,58,2,37,88,67,79,97,44,13,98,68,42,55,18,38,11,31,9,28,29,47,59,84,99,48,49,19",1478
3,259,"60,50,0,90,70,30,20,40,81,1,71,61,91,2,10,80,11,51,82,21,31,92,52,32,41,12,72,22,53,3,73,23,33,13,34,93,42,54,4,5,83,84,94,24,62,14,44,95,6,43,85,74,15,45,16,55,86,63,46,56,7,96,8,64,65,75,35,25,26,76,97,78,66,36,47,98,27,48,37,18,79,9,17,77,88,39,58,68,69,99,57,28,29,87,38,49,67,59,89,19",1478
3,260,"33,60,50,41,90,70,5,20,21,30,3,91,10,11,51,57,40,1,81,31,92,84,47,95,12,72,22,53,0,87,88,23,14,2,13,93,42,54,4,35,83,52,94,24,74,27,34,6,43,44,85,62,63,15,45,64,38,86,46,56,97,96,8,55,65,7,71,25,26,76,82,77,89,58,66,78,75,80,16,59,79,67,98,29,37,61,18,28,39,69,9,17,68,32,73,36,99,48,49,19",1479
3,261,"60,50,0,90,70,30,20,80,40,81,1,71,61,91,2,10,11,51,82,21,31,92,52,32,41,12,72,22,53,3,73,23,33,13,34,93,42,54,4,5,83,84,94,62,14,44,95,45,6,43,85,74,63,24,15,55,16,86,46,56,7,96,8,64,65,75,35,25,26,76,57,77,36,58,66,78,59,27,79,97,17,67,98,68,37,87,18,38,39,69,9,28,29,88,89,99,47,48,49,19",1479
3,262,"91,50,60,90,52,2,10,80,47,31,61,71,65,0,18,70,29,30,89,82,92,39,41,12,51,72,32,22,88,3,73,23,33,13,34,93,6,54,4,5,83,84,94,24,62,95,44,43,69,42,85,74,63,15,45,55,16,86,46,14,7,96,40,11,75,64,35,25,26,8,57,48,77,28,56,58,78,59,76,98,49,37,87,36,97,66,38,20,17,81,27,19,1,21,68,79,53,99,67,9",1483
3,263,"60,50,0,90,70,30,20,53,40,63,9,71,61,91,2,10,11,51,82,21,31,92,52,32,41,12,72,80,87,3,4,23,33,13,34,93,43,54,28,5,83,84,94,24,62,14,44,95,6,42,85,74,81,15,45,55,16,86,22,56,7,96,73,64,65,89,35,98,97,76,79,77,36,1,67,78,68,39,27,25,49,66,59,26,38,99,88,57,69,37,29,8,58,47,18,75,46,48,17,19",1489
3,264,"60,50,47,90,70,30,20,80,40,66,1,71,15,91,35,10,11,51,82,21,31,92,52,32,41,12,72,22,86,3,73,23,33,16,34,93,42,54,68,5,83,76,94,62,24,14,95,6,43,44,85,74,63,61,9,13,55,53,19,69,56,7,96,8,64,65,75,2,25,26,84,57,77,36,58,78,59,27,79,97,17,67,29,98,0,37,87,18,38,39,81,45,28,4,88,89,99,48,49,46",1493
3,265,"8,24,16,90,70,30,20,80,51,46,1,38,61,91,2,10,11,15,44,21,96,37,52,60,75,12,72,22,64,45,41,23,26,13,92,69,77,87,84,40,55,85,50,39,65,14,5,95,4,3,57,88,63,82,53,7,0,54,97,32,49,31,56,6,48,43,78,34,33,76,71,42,36,58,66,35,59,27,62,81,17,67,98,68,25,86,18,73,94,83,9,28,29,47,74,89,99,79,93,19",1501
3,266,"29,0,70,92,50,68,90,22,80,38,21,59,81,33,12,61,11,20,82,91,79,1,41,32,72,88,42,27,52,73,60,51,4,71,67,46,37,34,23,58,64,84,47,14,62,93,35,45,54,43,85,5,25,15,95,2,24,16,74,78,44,97,8,83,75,6,86,94,76,17,26,77,36,7,13,56,10,55,3,87,65,48,63,31,53,96,98,69,30,9,57,28,40,18,49,89,19,39,66,99",1502
3,267,"60,50,10,45,35,30,20,80,40,81,1,71,61,55,2,0,11,51,82,21,31,92,52,32,41,12,13,72,22,53,3,73,23,33,65,93,83,54,19,42,84,94,24,62,14,95,6,43,44,85,4,88,63,36,90,64,91,86,46,56,28,96,8,16,75,70,25,34,26,76,57,66,77,58,78,59,27,15,79,97,17,67,98,68,37,87,18,38,39,69,9,7,29,47,74,89,99,48,49,5",1517
3,268,"60,27,0,90,70,30,20,80,2,81,1,42,61,91,84,10,11,18,82,21,31,92,52,32,41,12,72,22,53,3,73,23,33,13,34,93,71,54,15,4,5,83,40,94,24,62,95,6,43,44,85,74,29,14,45,55,16,99,46,56,7,96,8,64,65,75,35,25,26,78,57,77,36,58,66,76,59,50,79,97,17,67,28,68,37,87,51,38,39,69,9,98,63,47,88,89,86,48,49,19",1522
3,269,"60,66,0,90,70,30,20,80,40,81,1,97,61,91,2,10,11,51,82,21,31,24,52,71,41,12,72,13,53,59,68,23,33,56,34,93,42,54,4,83,84,94,5,39,14,95,62,43,86,6,85,74,63,15,45,55,16,46,78,7,96,58,50,29,65,75,35,25,26,76,57,77,36,22,8,44,3,27,79,32,17,67,98,73,37,87,18,38,92,69,9,28,64,47,88,89,99,48,49,19",1524
3,270,"20,70,90,60,30,3,98,0,40,42,10,1,91,50,54,80,34,82,38,24,92,35,84,41,44,56,22,53,11,28,83,7,52,51,93,32,14,23,5,95,73,94,31,62,72,15,65,12,76,43,6,66,33,74,55,16,25,37,85,21,36,61,64,75,57,81,46,87,8,88,67,63,86,9,29,77,68,58,78,47,69,2,39,48,13,79,4,49,17,26,97,96,18,89,45,59,27,19,71,99",1530
3,271,"60,50,0,90,70,51,20,80,8,81,1,71,61,91,2,10,4,52,21,89,13,39,55,41,12,30,72,22,62,3,73,23,33,63,93,14,54,84,5,83,65,94,24,88,16,42,6,34,43,69,66,85,36,92,15,45,32,86,46,95,77,96,76,29,75,64,35,25,26,40,57,74,48,78,56,59,28,27,79,97,17,67,98,68,37,87,18,38,31,44,9,58,11,47,53,82,99,7,49,19",1535
3,272,"60,50,33,90,69,67,20,80,40,81,47,71,61,91,2,10,11,51,82,21,31,92,52,32,95,68,72,22,53,3,73,23,0,34,29,42,13,54,4,5,48,84,94,24,62,14,17,49,43,44,85,1,70,45,55,59,86,46,56,16,96,57,74,64,65,78,35,25,26,76,93,77,36,58,66,75,7,27,79,41,97,30,98,12,37,87,18,38,39,15,9,28,8,63,88,89,99,83,6,19",1542
3,273,"60,38,0,90,70,30,20,66,40,81,1,41,92,89,37,10,11,51,82,21,31,61,52,32,71,57,72,22,53,3,73,23,33,13,34,93,16,54,4,5,80,84,94,24,62,14,44,95,6,43,85,74,63,15,45,55,42,47,46,56,7,96,8,88,65,75,35,25,26,58,12,77,36,76,83,78,59,27,48,97,17,67,98,68,2,87,18,50,39,69,9,28,29,86,64,91,99,79,49,19",1544
3,274,"60,50,34,90,70,30,20,80,23,81,64,71,61,91,2,44,11,51,13,21,43,92,73,93,41,40,88,22,53,3,77,38,33,82,0,65,42,75,14,96,83,84,37,24,62,4,95,46,31,59,85,36,12,15,45,55,16,86,1,79,7,25,8,66,17,18,35,5,26,76,57,52,74,58,6,78,10,27,56,97,32,67,98,68,94,87,54,63,39,69,9,28,29,47,72,89,99,48,49,19",1549
3,275,"10,30,50,40,20,21,70,98,17,71,91,41,31,90,0,62,63,42,1,15,2,14,76,80,67,45,4,73,33,11,3,13,72,83,12,32,54,64,84,44,53,34,94,74,52,65,55,58,92,68,95,6,75,57,25,23,7,36,5,22,24,16,35,56,60,78,26,69,66,96,97,86,87,27,46,37,51,29,77,8,93,47,38,82,79,43,48,28,85,39,9,81,89,18,61,59,19,49,88,99",1554
3,276,"9,60,41,88,90,30,10,0,91,40,50,11,80,31,51,70,12,21,94,52,71,1,34,23,61,13,81,77,33,53,76,73,62,92,14,42,72,95,43,74,82,64,8,83,54,93,86,4,24,15,85,2,63,75,45,67,55,68,46,3,87,7,44,56,20,16,35,25,66,6,97,65,57,48,47,26,28,17,89,32,79,58,5,84,38,49,78,99,37,29,96,98,27,59,22,18,39,69,36,19",1564
3,277,"98,79,0,9,18,30,20,80,40,81,1,71,38,91,2,97,11,51,82,21,31,92,52,32,41,67,72,22,53,37,73,23,33,13,34,93,42,54,4,5,83,84,94,24,62,14,44,95,6,43,85,74,63,15,45,55,16,86,46,56,96,8,64,65,75,7,17,25,26,76,68,77,36,58,66,78,59,50,27,10,35,12,60,57,87,69,70,61,47,3,90,28,29,39,88,89,99,48,49,19",1565
3,278,"60,50,0,90,70,33,58,80,40,81,1,71,61,91,2,10,11,51,82,21,31,92,52,32,41,12,72,22,53,3,98,73,23,30,13,93,42,54,4,5,83,84,94,24,62,14,95,6,43,44,85,74,63,15,45,65,86,46,56,55,7,96,18,64,16,75,35,25,26,76,57,77,36,20,97,66,78,59,8,79,34,67,17,68,37,87,27,38,39,69,9,28,29,47,88,89,99,48,49,19",1568
3,279,"91,47,50,60,90,55,2,10,80,63,61,71,65,0,18,70,29,51,82,21,39,31,41,12,30,52,72,22,53,3,73,23,33,13,34,93,95,54,11,5,83,64,94,24,88,56,69,6,43,75,44,85,36,92,15,45,32,14,86,26,42,48,96,40,4,84,35,76,46,8,25,57,7,77,28,16,58,78,59,27,98,49,37,87,74,97,66,38,20,17,81,19,1,89,68,79,62,99,67,9",1568
3,280,"60,50,0,90,70,30,20,80,40,81,1,71,61,91,2,27,43,12,82,21,31,92,62,32,41,51,72,22,53,42,73,23,33,13,34,93,44,77,4,5,83,84,57,24,52,14,3,97,17,11,85,74,63,79,45,55,16,86,46,56,7,96,98,64,28,75,35,25,26,76,29,94,36,58,66,8,59,10,15,95,6,67,78,68,37,87,18,38,39,69,9,65,54,47,88,89,99,48,49,19",1570
3,281,"68,50,95,90,70,30,20,80,40,81,1,71,61,91,13,10,11,51,82,21,31,92,35,32,41,12,84,22,53,55,73,23,33,2,34,93,42,54,4,5,83,72,0,24,7,14,44,94,6,43,85,74,63,15,45,3,16,86,46,56,62,96,8,64,65,75,52,25,26,76,57,77,36,58,66,78,59,27,79,97,17,67,98,60,37,87,18,38,39,69,9,28,29,47,88,89,99,48,49,19",1571
3,282,"60,50,0,90,70,69,20,80,40,81,1,71,61,91,30,10,11,51,82,21,31,92,52,32,49,12,72,98,53,3,73,23,33,13,34,93,42,54,4,5,83,84,94,18,62,14,44,95,6,43,85,74,63,15,45,55,16,56,46,47,7,96,8,64,65,75,35,25,26,76,57,77,36,58,66,78,59,27,68,97,17,67,22,79,9,87,24,38,39,2,37,28,29,86,88,89,99,48,41,19",1574
3,283,"60,28,61,56,10,70,30,20,48,80,39,9,81,86,23,3,13,50,42,52,62,90,35,22,72,0,33,73,41,2,19,38,94,92,40,63,43,83,24,93,51,58,46,64,25,1,75,95,6,12,54,85,4,32,97,45,29,16,91,82,31,7,96,8,53,21,55,11,26,76,74,77,36,84,66,78,59,27,79,14,17,67,98,68,37,44,18,99,87,69,71,5,65,47,88,89,34,57,15,49",1582
3,284,"0,98,30,52,77,24,90,21,2,70,11,80,41,40,53,22,26,96,60,81,78,61,31,17,82,92,36,51,3,94,12,23,33,13,34,93,42,72,4,5,83,84,54,10,62,14,44,99,95,43,85,74,63,15,45,55,16,86,46,25,7,73,8,67,65,49,35,56,66,64,57,91,50,47,27,18,59,20,48,71,58,75,1,32,79,87,97,69,28,38,37,29,76,9,6,39,88,89,68,19",1592
3,285,"60,50,0,90,70,20,80,81,1,71,55,91,2,28,11,40,25,52,21,22,53,32,33,3,13,41,31,73,23,5,83,14,84,54,93,92,12,6,34,62,4,43,24,44,94,95,7,85,42,15,16,74,63,56,45,64,46,96,51,65,86,77,61,8,72,68,27,47,48,37,35,82,66,67,78,59,26,79,17,97,58,98,18,36,57,87,38,39,69,9,10,29,75,88,89,30,99,76,49,19",1599
3,286,"60,50,0,90,70,30,80,40,1,71,61,91,2,10,11,51,82,21,81,31,92,52,32,22,41,12,72,53,16,73,23,33,35,34,14,42,43,85,15,83,84,6,24,62,77,8,65,75,67,55,46,45,74,94,4,95,3,5,66,26,93,64,86,63,54,56,47,36,58,76,27,59,17,78,13,57,96,79,7,97,44,98,68,37,87,18,38,39,69,28,29,25,88,89,99,48,49,9,19,20",1607
3,287,"2,50,0,90,70,95,20,80,34,81,1,71,87,91,30,74,41,51,82,21,58,79,52,32,11,12,56,22,46,3,73,62,37,13,40,93,42,63,4,14,57,84,96,7,23,5,19,36,43,44,85,10,29,99,45,55,16,86,53,72,24,94,75,64,65,27,35,25,26,76,83,77,6,31,66,78,18,92,61,97,89,67,98,68,33,8,59,38,39,69,9,54,15,47,88,17,28,48,49,60",1615
3,288,"57,9,0,90,70,30,20,71,40,81,1,93,61,91,2,10,45,51,82,21,80,92,52,32,41,12,72,22,53,3,73,23,33,13,34,31,38,8,4,5,83,84,94,24,62,14,6,43,95,44,85,74,63,15,11,55,16,86,46,56,7,96,54,64,19,29,98,25,26,76,60,77,36,58,65,78,59,27,66,97,17,67,35,68,37,87,18,79,39,69,50,28,75,47,88,89,99,48,49,42",1624
3,289,"58,89,43,90,70,30,62,80,40,81,1,71,61,91,2,38,11,79,82,21,31,13,52,32,41,12,57,22,53,20,73,23,33,92,34,15,46,54,35,10,56,84,69,24,3,14,44,95,6,0,85,74,63,66,45,55,16,86,42,60,7,96,8,64,65,75,93,5,26,76,72,77,36,83,4,78,59,27,51,97,17,67,98,68,37,87,18,50,39,94,9,28,29,47,88,25,99,48,49,19",1632
3,290,"60,50,0,90,70,30,48,80,34,81,1,16,61,91,2,10,14,51,82,21,31,92,52,32,41,12,72,22,43,58,99,23,33,13,40,93,42,54,4,19,83,84,9,24,62,11,44,95,6,53,85,74,63,15,45,55,71,86,46,68,7,38,8,64,65,75,35,25,26,76,57,77,36,3,66,78,89,27,79,97,17,67,98,56,37,94,18,59,39,69,87,28,29,47,88,96,73,20,49,5",1633
3,291,"4,50,89,22,26,30,20,77,32,82,1,52,69,91,2,10,68,51,81,21,31,92,3,84,42,12,72,55,54,65,73,63,33,13,11,78,60,53,0,5,83,66,94,24,62,19,88,57,97,61,85,6,23,70,45,90,16,86,64,56,7,96,8,46,47,75,99,35,76,37,48,36,80,40,58,59,27,79,14,93,17,98,43,15,25,18,38,87,44,71,39,9,28,29,74,34,95,41,49,67",1637
3,292,"60,50,37,79,70,30,20,80,40,81,1,71,61,42,2,10,59,51,82,21,11,92,52,32,41,12,72,0,53,3,29,23,33,13,34,93,91,19,4,5,83,84,94,24,99,14,63,31,39,43,85,74,44,15,95,55,16,65,46,56,7,96,8,64,86,75,35,25,26,68,57,77,36,58,66,78,28,27,90,97,17,67,98,76,22,87,18,38,6,69,9,45,73,47,88,89,62,48,49,54",1640
3,293,"60,47,50,10,0,90,70,30,20,80,40,81,1,71,61,39,91,86,11,16,82,21,31,2,51,67,48,12,22,74,3,23,33,13,34,93,42,19,4,5,83,73,84,94,24,62,14,95,6,43,85,53,63,58,45,55,52,92,54,56,7,44,96,8,64,65,57,35,25,26,76,75,29,66,78,59,27,15,36,79,17,97,32,98,68,37,87,18,38,72,69,9,28,77,88,89,99,49,41,46",1642
3,294,"60,50,19,90,70,99,20,53,40,32,35,31,61,91,2,67,11,51,82,21,15,85,29,81,30,12,72,22,80,3,73,23,33,13,28,71,42,54,4,5,46,84,94,24,62,75,44,6,0,95,36,74,63,10,45,48,16,93,9,56,7,96,8,64,65,14,1,25,26,76,57,77,92,68,66,78,39,27,79,97,17,86,98,58,37,87,18,38,89,49,83,34,52,47,88,59,41,55,69,43",1648
3,295,"60,41,61,56,90,70,83,20,32,91,39,95,81,14,24,66,0,64,63,11,51,34,52,27,33,12,73,30,19,92,45,46,97,53,15,4,7,86,10,94,62,23,75,98,55,40,85,3,8,21,25,82,42,80,50,65,69,87,36,44,77,67,57,74,79,38,78,47,84,6,48,68,31,1,58,93,99,59,88,72,17,5,2,54,76,26,16,18,49,71,35,9,28,29,37,43,89,22,96,13",1663
3,296,"29,40,27,90,96,30,20,80,74,81,1,99,88,91,2,47,11,32,62,21,31,92,52,7,41,57,72,22,15,86,73,23,33,13,34,93,42,54,4,75,83,84,94,24,48,14,95,46,43,44,85,10,63,5,45,55,16,87,64,82,25,53,58,6,59,28,66,36,8,77,65,12,51,26,35,78,76,89,79,97,17,67,98,68,69,3,18,38,39,37,9,56,60,50,61,0,71,70,49,19",1668
3,297,"40,41,20,80,0,10,63,1,50,15,9,14,32,70,82,30,3,60,91,31,2,65,76,71,23,92,39,22,53,12,62,21,52,13,24,35,44,54,75,58,55,48,45,64,73,33,5,6,95,84,85,74,42,49,34,83,16,93,43,56,51,94,36,26,8,66,69,67,59,72,61,77,97,17,28,57,86,81,46,7,47,89,27,79,25,87,96,78,98,11,18,38,29,88,19,99,37,4,68,90",1709
3,298,"60,5,12,90,70,30,20,80,73,81,40,71,61,36,43,34,52,62,25,38,77,23,11,8,6,13,33,72,65,7,79,19,75,94,84,63,67,83,85,14,51,66,10,64,37,1,82,95,74,0,54,24,4,32,98,41,47,16,91,46,31,2,96,22,92,21,99,53,26,76,3,93,44,58,56,87,59,27,86,97,17,57,50,68,55,15,18,42,39,69,9,28,29,35,88,89,78,48,49,45",1719
3,299,"91,50,60,90,55,2,10,80,47,63,61,71,65,0,66,70,29,30,89,82,92,39,32,41,12,51,72,22,88,3,73,23,25,31,34,93,95,54,11,5,83,64,94,24,53,56,69,6,43,13,44,85,36,15,45,52,14,86,26,42,48,96,40,4,75,84,35,33,46,8,57,7,77,28,16,58,78,59,27,76,37,67,74,97,17,68,18,38,20,98,81,19,1,21,87,79,62,99,49,9",1720
3,300,"74,57,0,90,70,30,20,93,72,81,1,71,61,91,2,10,11,41,82,76,31,60,52,53,32,79,12,23,40,22,73,3,33,13,34,5,15,42,83,87,54,25,94,24,62,14,80,6,29,44,21,92,63,99,45,59,16,86,46,56,7,96,4,64,65,75,35,18,26,85,50,77,36,58,66,78,55,27,51,97,17,67,98,68,37,8,84,38,39,69,9,28,43,47,88,89,95,48,49,19",1751
