Problem,Initialization,Seed,Best Makespan,Best Reached Time
la01,0,0,669,93.96343732
la01,0,1,666,45.63283134
la01,0,2,688,179.3163486
la01,0,3,666,141.9575329
la01,0,4,666,293.4638658
la01,0,5,667,314.5288868
la01,0,6,678,128.8583136
la01,0,7,666,53.05021071
la01,0,8,666,74.39556789
la01,0,9,667,293.1975982
la01,20,0,666,38.29284191
la01,20,1,688,133.8659003
la01,20,2,678,278.5833538
la01,20,3,668,133.6243348
la01,20,4,666,92.7396524
la01,20,5,667,82.62493968
la01,20,6,667,276.3787911
la01,20,7,668,394.6808622
la01,20,8,666,120.7294459
la01,20,9,666,42.96421576
la01,40,0,667,338.1773238
la01,40,1,688,172.4627473
la01,40,2,666,73.46183848
la01,40,3,666,245.1317999
la01,40,4,688,399.7980099
la01,40,5,678,2.395900011
la01,40,6,666,145.6785405
la01,40,7,668,404.3651671
la01,40,8,667,155.2546527
la01,40,9,667,239.0899086
la01,60,0,678,83.19109678
la01,60,1,666,237.5485058
la01,60,2,667,391.108726
la01,60,3,666,221.4724762
la01,60,4,678,10.61552334
la01,60,5,666,0.318359137
la01,60,6,666,161.5871634
la01,60,7,667,230.5290649
la01,60,8,676,203.1471775
la01,60,9,666,223.1472046
la01,80,0,678,22.63730979
la01,80,1,678,65.58397508
la01,80,2,667,328.5130553
la01,80,3,688,178.1631291
la01,80,4,688,39.35912418
la01,80,5,678,67.97881055
la01,80,6,678,16.64616513
la01,80,7,666,231.2289541
la01,80,8,666,106.427712
la01,80,9,666,110.8423593
la01,100,0,666,283.128278
la01,100,1,666,142.9508266
la01,100,2,678,20.85202551
la01,100,3,695,69.94996095
la01,100,4,666,213.9332836
la01,100,5,667,181.8410304
la01,100,6,666,149.4055259
la01,100,7,666,183.439959
la01,100,8,667,299.0669346
la01,100,9,666,46.40458536
la02,0,0,696,350.825572
la02,0,1,655,298.3863847
la02,0,2,691,282.0406229
la02,0,3,689,374.3928578
la02,0,4,698,413.0233693
la02,0,5,671,334.5992308
la02,0,6,660,360.6491048
la02,0,7,685,380.1923451
la02,0,8,673,70.17551446
la02,0,9,679,211.0213447
la02,20,0,702,220.1133373
la02,20,1,679,147.7731819
la02,20,2,676,260.9710069
la02,20,3,672,257.3310742
la02,20,4,675,273.4581022
la02,20,5,669,180.7052879
la02,20,6,677,212.8689067
la02,20,7,689,130.8902969
la02,20,8,676,163.9723644
la02,20,9,705,141.8850105
la02,40,0,671,179.4883549
la02,40,1,665,307.3550098
la02,40,2,679,94.8076272
la02,40,3,667,197.56656
la02,40,4,677,138.8847899
la02,40,5,665,174.9647505
la02,40,6,683,116.9789708
la02,40,7,683,339.6619327
la02,40,8,685,356.1152747
la02,40,9,655,330.5607374
la02,60,0,709,398.6335461
la02,60,1,669,208.2895441
la02,60,2,675,383.2846334
la02,60,3,694,307.3298256
la02,60,4,675,162.5638144
la02,60,5,690,354.9708989
la02,60,6,705,166.0027294
la02,60,7,665,196.0273149
la02,60,8,720,99.35496092
la02,60,9,705,113.4554374
la02,80,0,719,352.2386932
la02,80,1,667,239.7455113
la02,80,2,685,244.6382139
la02,80,3,732,57.80587268
la02,80,4,689,125.6833043
la02,80,5,676,189.8478546
la02,80,6,667,413.4437909
la02,80,7,667,112.7453353
la02,80,8,665,199.474093
la02,80,9,667,245.5610857
la02,100,0,695,255.8078077
la02,100,1,669,149.8257835
la02,100,2,680,329.2652786
la02,100,3,672,119.6096005
la02,100,4,682,182.7661059
la02,100,5,676,237.7685535
la02,100,6,680,237.4999223
la02,100,7,665,150.2861786
la02,100,8,659,325.4956682
la02,100,9,705,93.02452302
la03,0,0,642,122.5980322
la03,0,1,626,282.7966709
la03,0,2,623,173.3144844
la03,0,3,641,266.5848451
la03,0,4,627,147.9389384
la03,0,5,641,124.8238144
la03,0,6,633,92.4713943
la03,0,7,617,142.124131
la03,0,8,617,337.2489777
la03,0,9,633,223.2604265
la03,20,0,617,208.588237
la03,20,1,646,201.7469776
la03,20,2,641,330.6793358
la03,20,3,633,221.4096172
la03,20,4,604,358.8440049
la03,20,5,620,217.4984403
la03,20,6,613,115.0573308
la03,20,7,643,100.9745505
la03,20,8,617,362.6916459
la03,20,9,636,329.5396125
la03,40,0,620,365.2886796
la03,40,1,639,145.5912836
la03,40,2,617,106.1319742
la03,40,3,633,198.4060998
la03,40,4,619,386.2217784
la03,40,5,621,198.0481412
la03,40,6,617,199.5400898
la03,40,7,629,364.4642079
la03,40,8,633,69.4869349
la03,40,9,628,172.3058894
la03,60,0,632,285.5633562
la03,60,1,633,129.8148596
la03,60,2,641,100.3993042
la03,60,3,627,132.9655898
la03,60,4,628,170.3753912
la03,60,5,621,249.1917162
la03,60,6,635,444.1846464
la03,60,7,630,234.3882957
la03,60,8,644,117.1228538
la03,60,9,621,96.99120831
la03,80,0,648,193.9687514
la03,80,1,631,394.5651047
la03,80,2,634,260.0166814
la03,80,3,606,460.2996833
la03,80,4,632,327.9393163
la03,80,5,645,84.44654632
la03,80,6,632,502.9479401
la03,80,7,642,77.47055125
la03,80,8,633,173.2537658
la03,80,9,628,134.0720174
la03,100,0,648,114.8856971
la03,100,1,630,79.02321339
la03,100,2,631,463.2332406
la03,100,3,628,361.24259
la03,100,4,620,257.1530108
la03,100,5,617,334.3173141
la03,100,6,632,425.3580339
la03,100,7,639,438.6112349
la03,100,8,633,341.8042247
la03,100,9,621,474.1988521
la04,0,0,618,325.9137914
la04,0,1,607,353.9355748
la04,0,2,607,463.7835853
la04,0,3,598,363.7172499
la04,0,4,628,138.7272072
la04,0,5,602,188.543889
la04,0,6,604,151.2054882
la04,0,7,602,392.4715044
la04,20,0,607,298.8590615
la04,20,1,598,342.3494782
la04,20,2,598,190.4197292
la04,20,3,607,322.0813749
la04,20,4,620,367.6664484
la04,40,0,598,149.5209734
la04,40,1,595,415.2986474
la04,40,2,611,276.5244296
la04,40,3,607,213.5423875
la04,40,4,620,86.10356426
la04,60,0,598,166.7191732
la04,60,1,598,194.4484665
la04,60,2,607,268.6297877
la04,60,3,632,38.01475596
la04,60,4,595,283.152086
la04,80,0,616,405.5878849
la04,80,1,607,85.78775716
la04,80,2,611,161.0386431
la04,80,3,618,117.4807916
la04,80,4,620,126.4264357
la04,100,0,607,383.7831285
la04,100,1,598,282.5399811
la04,100,2,598,431.2598963
la04,100,3,611,288.0712912
la04,100,4,607,176.2803185
la05,0,0,593,32.76530266
la05,0,1,593,0.321233988
la05,0,2,593,0.310036421
la05,0,3,593,18.90067053
la05,0,4,593,16.60550642
la05,20,0,593,2.390184164
la05,20,1,593,0.31692481
la05,20,2,593,0.322619915
la05,20,3,593,0.342116356
la05,20,4,593,0.315199375
la05,40,0,593,0.329363823
la05,40,1,593,0.328691959
la05,40,2,593,0.318605661
la05,40,3,593,0.311788082
la05,40,4,593,0.323409557
la05,60,0,593,0.328032255
la05,60,1,593,0.31907177
la05,60,2,593,0.321034193
la05,60,3,593,0.332302332
la05,60,4,593,0.341873646
la05,80,0,593,0.310034275
la05,80,1,593,0.327470779
la05,80,2,593,0.320648193
la05,80,3,593,0.322114229
la05,80,4,593,0.336714268
la05,100,0,593,0.360105515
la05,100,1,593,0.327018738
la05,100,2,593,0.344185829
la05,100,3,593,0.377144575
la05,100,4,593,0.309588432
la06,0,0,926,100.8275032
la06,0,1,926,91.49886179
la06,0,2,926,124.5867193
la06,0,3,926,129.7469223
la06,0,4,926,157.4911861
la06,20,0,926,23.76234698
la06,20,1,926,55.43232489
la06,20,2,926,20.90932703
la06,20,3,926,41.22785211
la06,20,4,926,30.99719596
la06,40,0,926,27.30773401
la06,40,0,926,41.69261527
la06,40,1,926,13.52203012
la06,40,2,926,20.33297229
la06,40,3,926,27.1512692
la06,40,4,926,27.17392302
la06,60,0,926,36.39440966
la06,60,1,926,30.30493188
la06,60,2,926,50.57977772
la06,60,3,926,12.26968408
la06,60,4,926,65.24645901
la06,80,0,926,6.390633345
la06,80,1,926,36.30005622
la06,80,2,926,33.46423864
la06,80,3,926,33.08970904
la06,80,4,926,80.41468859
la06,100,0,926,27.16273141
la06,100,1,926,6.476705074
la06,100,2,926,12.66442847
la06,100,3,926,15.37526965
la06,100,4,926,18.27070379
la07,40,0,902,593.3533583
la07,40,1,890,240.8939109
la07,40,2,897,176.0480921
la07,40,3,890,417.263202
la07,40,4,899,416.4127924
la07,60,0,910,404.0276742
la07,60,1,890,388.069026
la07,60,2,914,249.9448528
la07,60,3,910,369.7161856
la07,60,4,890,313.8427362
la07,80,0,890,321.659344
la07,80,1,890,287.1559334
la07,80,2,903,221.6574366
la07,80,3,890,369.1466269
la07,80,4,910,144.6059871
la07,100,0,890,389.0623374
la07,100,1,890,210.1443715
la07,100,2,903,156.87678
la07,100,3,890,447.2101886
la07,100,4,910,193.5865407
la08,40,0,863,153.7454226
la08,40,1,863,309.8792605
la08,40,2,863,74.27902746
la08,40,3,863,107.5394917
la08,40,4,863,155.1124625
la08,60,0,863,359.8683777
la08,60,1,863,46.78272462
la08,60,2,863,234.6999013
la08,60,3,863,154.2249849
la08,60,4,863,101.4995301
la08,80,0,863,145.3461258
la08,80,1,863,363.2680435
la08,80,2,863,94.8815546
la08,80,3,863,60.10044146
la08,80,4,863,213.1444337
la08,100,0,863,100.453933
la08,100,1,869,148.7277873
la08,100,2,863,157.199636
la08,100,3,863,109.7550867
la08,100,4,863,160.2183499
la09,40,0,951,0.461407423
la09,40,1,951,0.449666262
la09,40,2,951,0.452320576
la09,40,3,951,12.39585876
la09,40,4,951,0.480642796
la09,60,0,951,0.475569725
la09,60,1,951,0.453507423
la09,60,2,951,0.532758236
la09,60,3,951,0.457713604
la09,60,4,951,0.466696739
la09,80,0,951,0.475404739
la09,80,1,951,0.448034286
la09,80,2,951,0.456728697
la09,80,3,951,6.387673378
la09,80,4,951,0.465539217
la09,100,0,951,0.455158949
la09,100,1,951,0.45223093
la09,100,2,951,0.449298382
la09,100,3,951,12.28670025
la09,100,4,951,0.469187975
la10,40,0,958,0.459953308
la10,40,1,958,0.448436022
la10,40,2,958,0.458232164
la10,40,3,958,0.476130962
la10,40,4,958,0.475503206
la10,60,0,958,0.459772348
la10,60,1,958,0.460193157
la10,60,2,958,0.477783442
la10,60,3,958,0.455222368
la10,60,4,958,0.474894285
la10,80,0,958,0.444085836
la10,80,1,958,0.453865051
la10,80,2,958,0.458183289
la10,80,3,958,0.462455988
la10,80,4,958,0.443920374
la10,100,0,958,0.461583376
la10,100,1,958,0.464523077
la10,100,2,958,0.430538893
la10,100,3,958,0.478799343
la10,100,4,958,0.473488331
la11,40,0,1222,35.34301019
la11,40,1,1222,47.35957575
la11,40,2,1222,85.78767276
la11,40,3,1222,43.15737987
la11,40,4,1222,35.71423888
la11,60,0,1222,50.79249501
la11,60,1,1222,35.42551541
la11,60,2,1222,62.32492542
la11,60,3,1222,23.9639554
la11,60,4,1222,58.52381563
la11,80,0,1222,39.38298512
la11,80,1,1222,31.38192391
la11,80,2,1222,0.584873199
la11,80,3,1222,66.82194996
la11,80,4,1222,12.11640429
la11,100,0,1222,23.66798615
la11,100,1,1222,27.83342481
la11,100,2,1222,39.98774004
la11,100,3,1222,39.16299844
la11,100,4,1222,54.22583485
la12,40,0,1039,38.83081937
la12,40,1,1039,59.78641343
la12,40,2,1039,43.32993245
la12,40,3,1039,47.66335487
la12,40,4,1039,36.0044632
la12,60,0,1039,12.08518481
la12,60,1,1039,23.86591172
la12,60,2,1039,35.11150193
la12,60,3,1039,0.597450733
la12,60,4,1039,12.21207023
la12,80,0,1039,50.80429769
la12,80,1,1039,16.05120158
la12,80,2,1039,23.94159842
la12,80,3,1039,23.88377523
la12,80,4,1039,0.591484547
la12,100,0,1039,16.24564338
la12,100,1,1039,27.62059402
la12,100,2,1039,39.33405733
la12,100,3,1039,27.5933516
la12,100,4,1039,0.596776724
la13,40,0,1150,31.51252007
la13,40,1,1150,27.53967357
la13,40,2,1150,0.560839653
la13,40,3,1150,0.606688023
la13,40,4,1150,47.08939004
la13,60,0,1150,19.8505125
la13,60,1,1150,0.598748207
la13,60,2,1150,0.592152834
la13,60,3,1150,19.90846133
la13,60,4,1150,0.596503019
la13,80,0,1150,0.579888582
la13,80,1,1150,12.2054491
la13,80,2,1150,0.610897064
la13,80,3,1150,0.579273939
la13,80,4,1150,0.576160192
la13,100,0,1150,8.423037291
la13,100,1,1150,8.270176888
la13,100,2,1150,0.587410688
la13,100,3,1150,12.27344584
la13,100,4,1150,0.580964804
la14,40,0,1292,0.593707323
la14,40,1,1292,0.597291946
la14,40,2,1292,0.661058903
la14,40,3,1292,0.599157333
la14,40,4,1292,0.595265388
la14,60,0,1292,0.584952831
la14,60,1,1292,0.612427235
la14,60,2,1292,0.641993284
la14,60,3,1292,0.613420248
la14,60,4,1292,0.571100473
la14,80,0,1292,0.600132942
la14,80,1,1292,0.593182802
la14,80,2,1292,0.650875807
la14,80,3,1292,0.570947886
la14,80,4,1292,0.601985693
la14,100,0,1292,0.579682112
la14,100,1,1292,0.605618954
la14,100,2,1292,0.625973463
la14,100,3,1292,0.576692343
la14,100,4,1292,0.580271721
la15,40,0,1273,658.0064237
la15,40,1,1261,766.7085037
la15,40,2,1242,664.2967889
la15,40,3,1255,682.6445112
la15,40,4,1243,673.4909065
la15,60,0,1242,739.0173466
la15,60,1,1220,624.9188962
la15,60,2,1261,701.516922
la15,60,3,1257,688.1703084
la15,60,4,1260,370.1148636
la15,80,0,1289,704.2575548
la15,80,1,1228,739.2347631
la15,80,2,1224,509.313839
la15,80,3,1259,729.94294
la15,80,4,1265,633.2251854
la15,100,0,1243,754.1964717
la15,100,1,1260,763.7259636
la15,100,2,1207,458.8937397
la15,100,3,1207,435.3603499
la15,100,4,1207,600.736196
la16,40,0,1042,573.6926966
la16,40,1,1015,688.110368
la16,40,2,1024,752.3947358
la16,40,3,987,759.3085365
la16,40,4,1015,214.062315
la16,60,0,1015,527.1277771
la16,60,1,1003,700.6839502
la16,60,2,1003,399.8607924
la07,0,0,890,380.139015
la07,0,1,912,134.3682857
la07,0,2,904,220.9358635
la07,0,3,890,461.581152
la07,0,4,890,275.9034495
la07,20,0,898,458.6353507
la07,20,1,890,283.2789001
la07,20,2,897,204.2268379
la07,20,3,890,315.4811864
la07,20,4,890,478.5004089
la08,0,0,863,70.81991076
la08,0,1,863,146.7444704
la08,0,2,863,267.7084551
la08,0,3,863,192.1887994
la08,0,4,863,199.9907475
la09,0,0,951,220.6379924
la09,0,1,951,80.61030412
la09,0,2,951,138.9721866
la09,0,3,951,81.60294151
la09,0,4,951,80.73237276
la09,20,0,951,47.13144708
la09,20,1,951,0.5408113
la09,20,2,951,0.49791193
la09,20,3,951,0.502517462
la09,20,4,951,0.554169416
la10,0,0,958,70.78022718
la10,0,1,958,24.02456427
la10,0,2,958,112.327188
la10,0,3,958,24.33203506
la10,0,4,958,43.92391634
la10,20,0,958,0.5455935
la10,20,1,958,0.544533968
la10,20,2,958,0.489683867
la10,20,3,958,0.525481224
la10,20,4,958,0.524795532
la11,0,0,1222,150.3719947
la11,0,1,1222,193.0008085
la11,0,2,1222,247.8861377
la11,0,3,1222,218.2724652
la11,0,4,1222,196.1373091
la11,20,0,1222,74.5844841
la11,20,1,1222,30.78219509
la11,20,2,1222,121.7286382
la11,20,3,1222,61.2220974
la11,20,4,1222,86.5609374
la12,0,0,1039,253.5683098
la12,0,1,1039,75.43286633
la12,0,2,1039,120.1566281
la12,0,3,1039,358.9969625
la12,0,4,1039,179.8513262
la12,20,0,1039,35.21000004
la12,20,1,1039,9.265689611
la12,20,2,1039,61.20794964
la12,20,3,1039,69.46980238
la12,20,4,1039,47.72618365
la13,0,0,1150,291.1516173
la13,0,1,1150,240.8125343
la13,0,2,1150,191.1478295
la13,0,3,1150,122.8405821
la13,0,4,1150,205.2458761
la13,20,0,1150,60.75509763
la13,20,1,1150,30.90460539
la13,20,2,1150,22.34367728
la13,20,3,1150,0.636328459
la13,20,4,1150,0.656248569
la14,0,0,1292,44.14658451
la14,0,1,1292,26.61518788
la14,0,2,1292,70.35725522
la14,0,3,1292,18.10681844
la14,0,4,1292,35.60216284
la14,20,0,1292,0.659412384
la14,20,1,1292,0.643155813
la14,20,2,1292,0.65736866
la14,20,3,1292,0.668805122
la14,20,4,1292,0.649971247
la15,0,0,1279,550.0530133
la15,0,1,1260,851.6009698
la15,0,2,1238,807.5862772
la15,0,3,1215,626.8888042
la15,0,4,1207,824.8201306
la15,20,0,1256,841.5436282
la15,20,1,1222,851.2647386
la15,20,2,1216,770.3315253
la15,20,3,1323,556.5761685
la15,20,4,1219,537.2784781
la16,0,0,1005,654.6606464
la16,0,1,1016,351.1017299
la16,0,2,982,742.6125851
la16,0,3,1012,869.4863567
la16,0,4,993,855.2856746
la16,20,0,1042,354.2098925
la16,20,1,1024,499.6824472
la16,20,2,988,677.146019
la16,20,3,995,311.1508174
la16,20,4,982,519.0874572
la17,0,0,805,849.191838
la17,0,1,831,465.9301987
la17,0,2,821,590.5377436
la17,0,3,842,358.7698019
la17,0,4,861,870.6718731
la17,20,0,793,848.3290815
la17,20,1,826,628.1127326
la17,20,2,822,308.2293463
la17,20,3,846,819.4132185
la17,20,4,820,302.7652123
la17,40,0,793,336.2674804
la17,40,1,793,807.8804295
la17,40,2,820,666.7826359
la17,40,3,820,421.1362379
la17,40,4,833,241.3803315
la17,60,0,830,378.2565341
la17,60,1,833,292.2465422
la17,60,2,827,633.9799876
la17,60,3,820,684.4775357
la17,60,4,820,483.2774911
la17,80,0,793,320.0828137
la17,80,1,834,339.917268
la17,80,2,793,716.7440569
la17,80,3,820,595.2983365
la17,80,4,820,631.4635437
la17,100,0,793,798.6237514
la17,100,1,820,630.5605888
la17,100,2,833,150.1876802
la17,100,3,833,201.5844686
la17,100,4,820,782.0916557
la18,0,0,908,518.9771488
la18,0,1,871,650.8009186
la18,0,2,888,439.2224936
la18,0,3,907,912.310467
la18,0,4,874,503.4105563
